gen,seed,threads,best_global,picos,fit_best,fit_worst,fit_mean,green_best,green_worst,green_mean,emis_best,emis_worst,emis_mean
0,20000,8,0.501261,,0.501261,0.372806,0.427155,326.5908,249.3053,282.196923,607.812746,656.948594,635.919778
1,20000,8,0.506488,,0.506488,0.389043,0.442987,329.076,259.2752,291.1344,605.454412,652.843228,629.560215
2,20000,8,0.513818,,0.513818,0.398368,0.452347,334.2349,265.6493,296.815323,603.193574,652.843228,626.066481
3,20000,8,0.513818,,0.513818,0.398368,0.462361,334.2349,272.9304,302.742134,603.193574,652.843228,622.227107
4,20000,8,0.513818,,0.513818,0.413561,0.470261,334.2349,280.773,307.980311,603.193574,645.997984,619.574783
5,20000,8,0.513818,,0.513818,0.438779,0.477558,334.2349,282.1539,312.464566,602.8926,632.049252,616.888409
6,20000,8,0.517319,,0.517319,0.438779,0.484418,334.4778,282.1539,316.660908,600.625748,630.731939,614.349241
7,20000,8,0.517319,,0.517319,0.443292,0.490445,338.3681,292.143,320.766151,600.625748,630.597438,612.399097
8,20000,8,0.517319,,0.517319,0.448099,0.495338,341.4497,292.143,324.083747,600.625748,630.457468,610.806045
9,20000,8,0.520215,,0.520215,0.472719,0.49846,342.0379,305.5683,325.770226,600.028811,620.559919,609.500887
10,20000,8,0.520215,,0.520215,0.478308,0.502591,342.0379,309.0907,328.212945,600.028811,618.745153,607.915454
11,20000,8,0.525567,,0.525567,0.480663,0.505669,342.0379,309.3131,330.385838,599.24885,618.015485,606.970657
12,20000,8,0.525567,,0.525567,0.480791,0.509489,343.7643,309.3131,332.875571,597.827476,618.015485,605.659195
13,20000,8,0.533752,,0.533752,0.49483,0.51347,346.7305,321.201,335.085547,596.018906,614.75643,604.034979
14,20000,8,0.533752,,0.533752,0.498257,0.516275,347.5716,325.2083,336.668059,594.037333,613.018184,602.907637
15,20000,8,0.535722,,0.535722,0.498257,0.518467,348.3698,326.2928,337.697083,594.037333,613.018184,601.887699
16,20000,8,0.538815,,0.538815,0.502777,0.52194,353.875,329.2781,339.815636,591.693242,613.018184,600.59813
17,20000,8,0.545913,,0.545913,0.508888,0.524938,356.4095,330.1744,341.755124,590.331694,609.333582,599.559912
18,20000,8,0.550452,,0.550452,0.511939,0.527935,357.091,330.1744,343.503889,589.411225,609.18104,598.393437
19,20000,8,0.550452,,0.550452,0.514787,0.530928,357.091,330.6235,345.208622,586.560812,608.883113,597.201871
20,20000,8,0.557369,,0.557369,0.51662,0.534834,363.8917,334.0521,347.57285,586.505492,608.883113,595.738942
21,20000,8,0.557369,,0.557369,0.521458,0.537769,363.8917,334.0521,349.237816,586.505492,607.598497,594.565503
22,20000,8,0.557962,,0.557962,0.521458,0.540256,365.8941,334.0521,350.66784,583.24203,607.598497,593.584137
23,20000,8,0.57116,,0.57116,0.525162,0.543503,371.2496,338.9053,352.879646,581.51859,602.393604,592.533204
24,20000,8,0.57116,,0.57116,0.525162,0.545354,371.2496,338.9053,354.257192,581.51859,599.283048,592.012383
25,20000,8,0.57116,,0.57116,0.526787,0.547755,371.2496,338.9053,355.936825,581.51859,599.283048,591.26534
26,20000,8,0.57116,,0.57116,0.531225,0.551189,371.2496,341.5842,358.011699,582.464121,598.578736,589.977215
27,20000,8,0.57116,,0.57116,0.534524,0.554241,371.2496,346.8406,359.751397,580.471539,598.578736,588.76252
28,20000,8,0.577086,,0.577086,0.538114,0.557294,374.9256,347.3799,361.622813,579.867244,598.578736,587.634953
29,20000,8,0.577086,,0.577086,0.539842,0.560118,374.9256,348.9992,363.297669,579.867244,596.599215,586.554945
30,20000,8,0.578339,,0.578339,0.544521,0.562963,377.4316,355.9101,365.021013,579.813097,596.101763,585.490742
31,20000,8,0.578339,,0.578339,0.54871,0.565048,377.4316,355.9101,366.242955,579.402541,595.091369,584.68301
32,20000,8,0.581671,,0.581671,0.549702,0.567433,381.8991,360.0231,367.774733,577.064269,595.091369,583.849357
33,20000,8,0.584193,,0.584193,0.553426,0.570362,381.8991,360.0231,369.610184,575.833015,594.519341,582.794922
34,20000,8,0.585554,,0.585554,0.555774,0.572113,381.8991,360.3381,370.917602,575.572308,594.519341,582.304542
35,20000,8,0.586954,,0.586954,0.558201,0.57464,383.5024,361.0408,372.10501,572.58115,591.428982,581.129712
36,20000,8,0.599037,,0.599037,0.565254,0.577255,386.5582,363.9947,373.45164,571.785157,589.038549,579.992514
37,20000,8,0.599037,,0.599037,0.568998,0.579166,387.9288,363.9947,374.566266,571.785157,586.914065,579.248724
38,20000,8,0.60375,,0.60375,0.568998,0.581535,389.9463,363.9947,375.761033,570.379451,586.747917,578.200964
39,20000,8,0.60375,,0.60375,0.569883,0.583942,389.9463,367.1515,377.195669,569.647389,586.747917,577.285231
40,20000,8,0.60375,,0.60375,0.572479,0.585825,389.9463,367.3733,377.938084,569.647389,584.634213,576.314197
41,20000,8,0.60375,,0.60375,0.575244,0.588405,389.9463,368.4112,379.146943,569.647389,584.634213,575.111721
42,20000,8,0.60375,,0.60375,0.577016,0.590897,389.9463,368.4112,380.549885,569.838921,582.661723,574.107613
43,20000,8,0.605422,,0.605422,0.581574,0.593239,392.9725,374.9885,381.936894,568.470343,579.956846,573.210492
44,20000,8,0.607205,,0.607205,0.585325,0.596653,392.9725,375.5877,384.086106,566.655906,578.523068,571.98829
45,20000,8,0.610151,,0.610151,0.585934,0.599125,393.2567,375.5877,385.363803,566.004901,576.856995,570.915978
46,20000,8,0.615479,,0.615479,0.587055,0.601916,394.2704,378.3381,386.898355,562.656899,576.796783,569.767459
47,20000,8,0.619635,,0.619635,0.593129,0.60393,395.0123,379.2713,388.02559,561.383812,574.459461,568.951475
48,20000,8,0.619635,,0.619635,0.595946,0.605834,397.6574,383.7166,388.884001,561.383812,573.10481,568.042038
49,20000,8,0.620028,,0.620028,0.600099,0.607497,397.6574,384.0093,389.725008,561.383812,572.104671,567.307923
50,20000,8,0.624716,,0.624716,0.600942,0.609169,397.7911,384.1217,390.554793,559.282694,571.50854,566.560069
51,20000,8,0.624716,,0.624716,0.602097,0.611088,399.2928,384.3127,391.539361,559.282694,571.50854,565.723455
52,20000,8,0.627167,,0.627167,0.604136,0.612912,401.4706,386.185,392.619078,558.620429,570.723618,565.023933
53,20000,8,0.627167,,0.627167,0.604136,0.614805,401.4706,386.185,393.403535,558.620429,569.19773,564.073121
54,20000,8,0.628625,,0.628625,0.604136,0.616481,402.0932,386.185,394.359284,558.620429,569.19773,563.406282
55,20000,8,0.630585,,0.630585,0.606984,0.618208,403.1069,387.6555,395.247984,557.000233,567.657346,562.654834
56,20000,8,0.63091,,0.63091,0.611024,0.619969,403.3861,389.3957,396.247287,557.000233,566.353361,561.950459
57,20000,8,0.63175,,0.63175,0.611024,0.622193,403.3861,389.3957,397.57026,555.751349,566.353361,561.102798
58,20000,8,0.63242,,0.63242,0.611024,0.62394,404.4785,389.3957,398.62016,555.45421,564.753405,560.443202
59,20000,8,0.635444,,0.635444,0.615503,0.6262,404.4785,392.0758,399.877228,554.983104,564.627772,559.522716
60,20000,8,0.642281,,0.642281,0.61583,0.628033,409.5663,393.1195,400.914929,553.472654,563.250831,558.788642
61,20000,8,0.642281,,0.642281,0.616285,0.629581,409.5663,393.6488,401.670942,552.640176,563.250831,558.087887
62,20000,8,0.642281,,0.642281,0.617031,0.630971,409.5663,394.0192,402.545312,552.210966,562.748999,557.589697
63,20000,8,0.642281,,0.642281,0.617726,0.632118,409.5663,394.2218,403.238572,552.210966,562.365557,557.159532
64,20000,8,0.645084,,0.645084,0.617734,0.633427,409.5663,394.2649,404.054534,551.014087,562.365557,556.684747
65,20000,8,0.64639,,0.64639,0.62852,0.634853,410.7469,399.0432,404.715155,551.014087,559.780042,556.015857
66,20000,8,0.64639,,0.64639,0.628644,0.636427,412.1386,399.9305,405.711636,550.991255,560.026362,555.455348
67,20000,8,0.64639,,0.64639,0.626894,0.638691,412.1386,400.0814,407.011481,550.991255,559.369034,554.560492
68,20000,8,0.649515,,0.649515,0.63026,0.640319,413.0545,402.3225,407.92797,550.167449,559.019847,553.905255
69,20000,8,0.649515,,0.649515,0.63026,0.641878,413.0545,403.8526,408.690723,550.167449,559.019847,553.200143
70,20000,8,0.649515,,0.649515,0.636256,0.643183,413.0545,404.8481,409.406652,550.05323,556.535458,552.662209
71,20000,8,0.649515,,0.649515,0.636256,0.644038,413.0545,404.8481,409.9271,550.05323,556.535458,552.343492
72,20000,8,0.652098,,0.652098,0.636256,0.645287,416.0834,407.1239,410.555108,549.28616,556.535458,551.790634
73,20000,8,0.652098,,0.652098,0.640947,0.646385,416.0834,408.662,411.071307,549.075669,554.194116,551.279818
74,20000,8,0.656361,,0.656361,0.640947,0.647651,418.1187,408.8135,411.671135,548.22083,554.194116,550.694577
75,20000,8,0.656361,,0.656361,0.643985,0.648971,418.1187,408.8135,412.417952,546.292651,552.83304,550.164962
76,20000,8,0.657295,,0.657295,0.643985,0.650035,418.1187,408.8904,413.002338,546.007733,552.83304,549.72674
77,20000,8,0.657295,,0.657295,0.643985,0.65098,418.1187,408.8904,413.484467,546.007733,552.83304,549.312848
78,20000,8,0.658813,,0.658813,0.64666,0.651967,419.141,410.0842,414.058507,546.007733,551.440739,548.927517
79,20000,8,0.658813,,0.658813,0.64666,0.652808,419.141,410.4631,414.454913,546.007733,550.799196,548.537601
80,20000,8,0.658813,,0.658813,0.649373,0.653572,419.141,410.6229,414.783245,546.001784,550.182279,548.161536
81,20000,8,0.660146,,0.660146,0.64946,0.654324,420.2361,410.6229,415.195812,545.955346,550.167449,547.851064
82,20000,8,0.661974,,0.661974,0.649515,0.655098,420.2361,410.9677,415.657949,543.636232,550.167449,547.557516
83,20000,8,0.665003,,0.665003,0.649586,0.656096,420.2361,410.9677,416.162292,542.030401,549.158492,547.1171
84,20000,8,0.665003,,0.665003,0.651119,0.656949,420.4498,413.0387,416.592154,542.030401,549.158492,546.739542
85,20000,8,0.678297,,0.678297,0.644338,0.658107,428.3337,407.5689,417.117607,536.837701,551.892839,546.188258
86,20000,8,0.678297,,0.678297,0.651909,0.65963,428.3337,413.0387,418.095768,536.837701,550.286888,545.655924
87,20000,8,0.678297,,0.678297,0.651909,0.660848,428.3337,413.0387,418.727544,536.837701,550.286888,545.129027
88,20000,8,0.678297,,0.678297,0.655367,0.662213,428.3337,415.7592,419.657304,536.837701,550.39929,544.687748
89,20000,8,0.680667,,0.680667,0.657169,0.664143,429.9254,415.7592,420.747664,536.46114,550.39929,543.912549
90,20000,8,0.680667,,0.680667,0.658187,0.665501,429.9254,416.1939,421.387607,536.46114,550.055702,543.282141
91,20000,8,0.680667,,0.680667,0.658187,0.666575,429.9254,414.4685,422.122948,536.43868,550.055702,542.937746
92,20000,8,0.680667,,0.680667,0.658187,0.66749,430.7511,414.4685,422.720745,536.43868,550.055702,542.623911
93,20000,8,0.68089,,0.68089,0.658187,0.668896,432.2261,414.4685,423.807367,536.43868,550.055702,542.255626
94,20000,8,0.683572,,0.683572,0.658187,0.670593,434.8994,414.4685,424.732542,536.43868,549.250565,541.551701
95,20000,8,0.687342,,0.687342,0.658352,0.672802,438.4908,416.7698,426.126947,535.905928,546.680823,540.763746
96,20000,8,0.687342,,0.687342,0.661287,0.674407,438.4908,419.5301,427.032407,535.905928,546.093467,540.118377
97,20000,8,0.687342,,0.687342,0.661306,0.675799,438.4908,419.5301,428.225508,535.72843,546.093467,539.832113
98,20000,8,0.690014,,0.690014,0.662361,0.677519,440.4584,419.5301,429.520503,531.54291,545.303577,539.358407
99,20000,8,0.690014,,0.690014,0.662361,0.679161,440.4584,420.7492,430.548732,531.54291,545.303577,538.76649
100,20000,8,0.690014,,0.690014,0.663946,0.680565,440.4584,421.0734,431.375641,531.54291,544.284807,538.225775
101,20000,8,0.69269,,0.69269,0.665213,0.681777,442.1164,421.6616,432.323275,531.54291,543.690326,537.914738
102,20000,8,0.692965,,0.692965,0.669259,0.683126,442.1164,422.4886,433.379076,531.54291,542.739625,537.570543
103,20000,8,0.692965,,0.692965,0.669259,0.683962,443.939,422.4886,433.980482,531.54291,541.942985,537.321413
104,20000,8,0.700169,,0.700169,0.669259,0.684792,444.9586,422.4886,434.645665,530.975043,542.386786,537.119702
105,20000,8,0.700169,,0.700169,0.669731,0.685951,444.9586,424.3122,435.744058,530.975043,542.386786,536.95173
106,20000,8,0.700169,,0.700169,0.669731,0.68737,444.9586,424.3122,437.046261,530.975043,544.686384,536.717316
107,20000,8,0.700169,,0.700169,0.669797,0.688395,444.9586,427.2064,437.732566,530.975043,543.911283,536.377499
108,20000,8,0.703681,,0.703681,0.681503,0.689601,444.9586,427.6887,438.638038,529.198247,541.758086,536.044261
109,20000,8,0.703681,,0.703681,0.683785,0.690542,445.9141,428.5148,439.165774,529.198247,539.835147,535.663657
110,20000,8,0.703681,,0.703681,0.684417,0.691559,445.9141,429.1935,439.883261,529.198247,539.835147,535.350853
111,20000,8,0.703681,,0.703681,0.684417,0.69267,447.3186,429.1935,440.792996,529.198247,539.835147,535.093843
112,20000,8,0.703681,,0.703681,0.687312,0.693683,445.9141,433.5296,441.457685,529.198247,538.041969,534.749312
113,20000,8,0.707427,,0.707427,0.687312,0.694802,449.6496,433.5296,441.888042,527.952615,538.041969,534.164626
114,20000,8,0.707427,,0.707427,0.687708,0.696068,449.6496,433.5296,442.775746,527.952615,537.909342,533.772139
115,20000,8,0.707427,,0.707427,0.688203,0.697138,448.6278,434.3517,443.302346,527.952615,537.491152,533.291018
116,20000,8,0.708605,,0.708605,0.688444,0.698344,448.6278,435.4815,444.017858,527.52233,537.491152,532.829532
117,20000,8,0.709059,,0.709059,0.688444,0.699328,451.1078,435.4815,444.636729,527.467505,537.491152,532.476758
118,20000,8,0.709059,,0.709059,0.688444,0.700302,451.1911,436.5254,445.23655,527.467505,537.491152,532.119043
119,20000,8,0.709059,,0.709059,0.688763,0.701206,451.1911,441.0222,446.087643,527.467505,538.306583,531.983882
120,20000,8,0.709059,,0.709059,0.689684,0.702059,451.1911,441.0222,446.555595,527.467505,537.704028,531.632128
121,20000,8,0.709059,,0.709059,0.694021,0.703132,451.1911,442.0145,447.180172,527.292879,537.491152,531.214066
122,20000,8,0.709176,,0.709176,0.694021,0.704079,451.1911,443.8926,447.819123,527.467505,537.491152,530.903625
123,20000,8,0.709176,,0.709176,0.694021,0.704817,451.1911,443.9306,448.196417,527.467505,537.491152,530.580563
124,20000,8,0.710128,,0.710128,0.695967,0.705602,453.0286,443.9306,448.563338,527.467505,537.279258,530.214383
125,20000,8,0.711524,,0.711524,0.697322,0.706545,453.0286,443.9821,448.941829,527.467505,536.525949,529.732149
126,20000,8,0.712702,,0.712702,0.698139,0.707305,453.5349,444.2553,449.427981,527.429029,534.260287,529.465523
127,20000,8,0.714297,,0.714297,0.702491,0.708036,455.0789,444.2553,449.765009,527.193343,532.625138,529.120981
128,20000,8,0.714297,,0.714297,0.704576,0.708555,455.0789,447.4945,450.121013,527.148127,532.625138,528.954465
129,20000,8,0.714297,,0.714297,0.704768,0.709072,455.2822,447.8248,450.464604,526.863428,532.625138,528.781913
130,20000,8,0.714297,,0.714297,0.704768,0.709563,455.2822,447.7588,450.810563,526.627374,532.625138,528.63059
131,20000,8,0.714301,,0.714301,0.704768,0.71012,455.2822,447.7588,451.047916,526.627374,532.625138,528.355277
132,20000,8,0.716995,,0.716995,0.704768,0.710781,456.8846,447.8248,451.559423,526.589266,532.625138,528.18254
133,20000,8,0.716995,,0.716995,0.709059,0.711509,456.8846,448.4882,452.206376,526.627374,529.305606,528.047753
134,20000,8,0.716995,,0.716995,0.709176,0.711919,456.8846,448.4882,452.567912,526.627374,529.305606,527.969992
135,20000,8,0.716995,,0.716995,0.709176,0.712488,458.05,448.8501,453.106967,526.602256,529.305606,527.887529
136,20000,8,0.716995,,0.716995,0.709176,0.7133,458.05,448.8501,453.738861,526.602256,529.305606,527.677907
137,20000,8,0.718017,,0.718017,0.709176,0.714062,458.7794,448.8501,454.321363,526.244307,528.993418,527.474148
138,20000,8,0.719295,,0.719295,0.709176,0.714721,458.7794,448.8501,454.870332,525.013774,528.943151,527.327333
139,20000,8,0.719295,,0.719295,0.709176,0.715352,459.0753,449.7196,455.410068,525.013774,528.943151,527.197363
140,20000,8,0.719295,,0.719295,0.709176,0.715834,459.0753,449.7196,455.741102,525.013774,528.943151,527.043083
141,20000,8,0.720862,,0.720862,0.71383,0.716299,459.0753,452.8304,456.1161,524.152062,528.943151,526.931691
142,20000,8,0.720862,,0.720862,0.713898,0.71671,459.0753,452.8304,456.355906,524.152062,529.167283,526.771881
143,20000,8,0.720862,,0.720862,0.712194,0.717244,459.0753,454.674,456.735471,524.152062,529.167283,526.609914
144,20000,8,0.722287,,0.722287,0.714365,0.717601,459.1867,455.0218,456.933705,523.531275,528.244525,526.464057
145,20000,8,0.722287,,0.722287,0.714891,0.718165,459.3811,455.0218,457.240908,523.531275,528.273168,526.229737
146,20000,8,0.722287,,0.722287,0.714891,0.718478,459.3811,455.0618,457.447212,523.531275,528.273168,526.123567
147,20000,8,0.72308,,0.72308,0.715974,0.718848,459.3811,455.0618,457.660819,523.147716,527.941906,525.978723
148,20000,8,0.723133,,0.723133,0.715974,0.719298,460.212,455.0618,457.866678,523.147716,527.92137,525.765757
149,20000,8,0.723133,,0.723133,0.716008,0.719784,460.212,455.0618,458.190059,523.147716,527.92137,525.602992
150,20000,8,0.724019,,0.724019,0.716565,0.720296,461.0535,455.0618,458.520771,523.147716,527.730573,525.4255
151,20000,8,0.724596,,0.724596,0.716768,0.720847,461.449,455.7383,458.838625,523.147716,527.027536,525.208408
152,20000,8,0.724596,,0.724596,0.716768,0.721397,461.449,456.0491,459.175396,523.147716,527.027536,525.005463
153,20000,8,0.724596,,0.724596,0.717324,0.72172,461.7063,456.236,459.267061,523.147716,526.80945,524.8149
154,20000,8,0.724596,,0.724596,0.718604,0.722277,461.7063,457.4252,459.735626,523.147716,526.684964,524.694221
155,20000,8,0.724615,,0.724615,0.718604,0.722595,461.7358,457.4252,459.965854,523.147716,527.027536,524.60028
156,20000,8,0.725183,,0.725183,0.718604,0.722897,461.8298,457.4252,460.103683,523.147716,527.027536,524.457407
157,20000,8,0.725578,,0.725578,0.718638,0.723202,462.4296,458.3629,460.326771,523.147716,527.027536,524.36875
158,20000,8,0.725977,,0.725977,0.718638,0.723514,462.4296,458.6278,460.587971,523.298684,527.027536,524.30023
159,20000,8,0.725977,,0.725977,0.718701,0.723806,462.4296,458.2766,460.753484,523.298684,527.104048,524.183549
160,20000,8,0.725977,,0.725977,0.718701,0.724095,462.4296,458.2766,460.958324,523.195513,527.104048,524.095432
161,20000,8,0.727712,,0.727712,0.721947,0.72444,463.1546,459.6718,461.157332,522.745918,525.486456,523.960093
162,20000,8,0.727712,,0.727712,0.722871,0.724769,463.1546,459.6718,461.430821,522.745918,525.457064,523.88622
163,20000,8,0.727712,,0.727712,0.722871,0.725136,463.1546,460.0188,461.634378,522.745918,525.457064,523.736707
164,20000,8,0.727712,,0.727712,0.722871,0.725481,463.1546,460.0188,461.842862,522.745918,524.829168,523.607143
165,20000,8,0.727712,,0.727712,0.723823,0.725797,463.1892,460.172,462.037337,522.732387,524.804298,523.491369
166,20000,8,0.728178,,0.728178,0.723823,0.726106,463.85,460.172,462.225554,522.732387,524.771849,523.376022
167,20000,8,0.72877,,0.72877,0.723823,0.726424,464.1628,460.172,462.428916,522.596661,524.771849,523.264655
168,20000,8,0.729149,,0.729149,0.724616,0.726662,464.282,460.5232,462.555483,522.380241,523.940855,523.163471
169,20000,8,0.729149,,0.729149,0.724616,0.72695,464.282,460.5232,462.740557,521.954531,523.940855,523.063099
170,20000,8,0.734543,,0.734543,0.715417,0.72693,469.2795,450.0836,462.682683,517.101679,527.49903,523.039944
171,20000,8,0.734543,,0.734543,0.725523,0.7276,469.2795,461.184,463.210532,517.101679,525.662298,522.870451
172,20000,8,0.734543,,0.734543,0.725954,0.7278,469.2795,461.5935,463.382361,517.101679,525.662298,522.830293
173,20000,8,0.734543,,0.734543,0.726568,0.728106,471.1207,462.2313,463.572611,517.101679,525.662298,522.719145
174,20000,8,0.734543,,0.734543,0.726568,0.728385,471.1207,462.4712,463.79639,517.101679,525.72673,522.651306
175,20000,8,0.737762,,0.737762,0.726568,0.728804,474.9697,462.5447,464.052269,517.101679,525.503285,522.496048
176,20000,8,0.737762,,0.737762,0.726568,0.729244,474.9697,462.5447,464.215129,517.101679,523.229958,522.261812
177,20000,8,0.737762,,0.737762,0.72687,0.729625,474.9697,462.4948,464.366008,517.101679,523.141232,522.06597
178,20000,8,0.744421,,0.744421,0.727101,0.730606,474.9697,462.6282,464.911009,516.336997,523.511693,521.665263
179,20000,8,0.744421,,0.744421,0.727101,0.73133,474.9697,462.6282,465.320666,516.336997,523.511693,521.375404
180,20000,8,0.744421,,0.744421,0.727101,0.731772,474.9697,462.6282,465.567084,516.336997,523.511693,521.195484
181,20000,8,0.746679,,0.746679,0.727625,0.732673,476.7904,460.4477,466.075446,514.954906,523.080701,520.833697
182,20000,8,0.747352,,0.747352,0.728532,0.733747,476.7904,463.6783,466.794129,514.954906,523.015636,520.477659
183,20000,8,0.747528,,0.747528,0.72902,0.734682,474.9697,462.2651,467.057956,514.954906,523.015636,519.92516
184,20000,8,0.747528,,0.747528,0.72902,0.735716,475.6675,463.6783,467.67356,514.954906,523.015636,519.531276
185,20000,8,0.747528,,0.747528,0.72902,0.736694,475.6675,463.8247,468.240691,514.954906,523.015636,519.148486
186,20000,8,0.747528,,0.747528,0.72936,0.737307,475.6675,463.874,468.562753,514.954906,523.015636,518.885797
187,20000,8,0.747528,,0.747528,0.72936,0.73854,475.6675,463.874,469.337436,514.954906,522.379542,518.443182
188,20000,8,0.748888,,0.748888,0.72936,0.740014,476.2594,464.5265,470.324925,514.511605,522.379542,517.955487
189,20000,8,0.749936,,0.749936,0.72936,0.741379,476.8986,464.5265,471.35658,514.600605,522.379542,517.581997
190,20000,8,0.749936,,0.749936,0.72936,0.742719,476.8986,464.5086,472.289043,514.249419,522.379542,517.161902
191,20000,8,0.749936,,0.749936,0.72938,0.743642,476.8986,464.5086,472.904287,514.167453,522.35242,516.854137
192,20000,8,0.750467,,0.750467,0.733112,0.744779,478.1031,465.4424,473.626971,514.167453,520.067201,516.451243
193,20000,8,0.750467,,0.750467,0.736279,0.745788,478.1031,468.1466,474.213646,514.167453,519.775635,516.057137
194,20000,8,0.750467,,0.750467,0.738859,0.746766,478.1031,469.5913,474.785284,514.167453,519.775635,515.67744
195,20000,8,0.750741,,0.750741,0.738926,0.747447,478.2182,471.5816,475.238674,514.167453,519.775635,515.450233
196,20000,8,0.75101,,0.75101,0.740657,0.748053,478.2182,473.425,475.705511,514.167453,519.712456,515.290313
197,20000,8,0.75101,,0.75101,0.740657,0.748675,478.2182,473.425,476.070022,514.249419,519.712456,515.049797
198,20000,8,0.751276,,0.751276,0.740657,0.749208,479.0421,473.425,476.462666,514.200676,519.712456,514.896479
199,20000,8,0.751737,,0.751737,0.747352,0.749743,479.0764,474.4385,476.90869,513.891046,515.393554,514.778576
200,20000,8,0.752318,,0.752318,0.747943,0.74995,479.0764,474.7413,477.034765,513.891046,515.393554,514.701238
201,20000,8,0.753177,,0.753177,0.748002,0.750186,479.6814,474.7413,477.235621,513.72312,515.194221,514.651847
202,20000,8,0.753177,,0.753177,0.748017,0.750417,479.8184,474.7413,477.4204,513.72312,515.194221,514.595268
203,20000,8,0.753177,,0.753177,0.748072,0.750662,479.8184,474.7413,477.592311,513.72312,515.255041,514.519372
204,20000,8,0.753244,,0.753244,0.74837,0.750997,479.8184,475.3522,477.904199,513.72284,515.095001,514.467103
205,20000,8,0.75344,,0.75344,0.74837,0.751245,479.8184,475.3522,478.086309,513.609498,515.014292,514.396261
206,20000,8,0.75344,,0.75344,0.74837,0.751491,479.8184,475.3522,478.274847,513.609498,515.116134,514.330151
207,20000,8,0.75344,,0.75344,0.749051,0.751694,479.8184,475.6131,478.466817,513.609498,515.014292,514.300639
208,20000,8,0.754582,,0.754582,0.749936,0.751987,481.5519,476.3384,478.694491,513.315818,514.884878,514.224647
209,20000,8,0.755449,,0.755449,0.750098,0.752238,482.2245,476.8986,478.91016,513.303295,514.71239,514.173236
210,20000,8,0.755449,,0.755449,0.750098,0.752467,482.2245,476.8986,479.113863,513.25073,514.664506,514.131663
211,20000,8,0.755449,,0.755449,0.750098,0.752707,482.2245,476.8986,479.27056,513.072193,514.664506,514.049132
212,20000,8,0.755449,,0.755449,0.751034,0.752969,482.2245,477.2102,479.470596,513.072193,514.664506,513.978574
213,20000,8,0.755459,,0.755459,0.751058,0.753259,482.2245,477.5959,479.70243,513.072193,514.664506,513.908008
214,20000,8,0.755459,,0.755459,0.751058,0.753582,482.2245,477.5959,480.005567,513.072193,514.664506,513.859169
215,20000,8,0.755459,,0.755459,0.751058,0.753942,482.2245,477.5959,480.307147,513.106549,514.633983,513.780306
216,20000,8,0.755459,,0.755459,0.751058,0.754278,482.2245,477.5959,480.566683,513.106549,514.435664,513.692144
217,20000,8,0.755459,,0.755459,0.751058,0.754502,482.2245,477.5959,480.735298,513.106549,514.246447,513.630921
218,20000,8,0.756291,,0.756291,0.752885,0.754801,482.3458,479.5827,480.935632,512.455891,514.233182,513.531956
219,20000,8,0.756291,,0.756291,0.752885,0.754978,482.4483,479.5827,481.145095,512.455891,514.233182,513.533833
220,20000,8,0.756498,,0.756498,0.75393,0.755175,482.4483,480.0081,481.303866,512.375388,514.233182,513.486988
221,20000,8,0.756498,,0.756498,0.75393,0.755338,483.0184,480.0081,481.341849,512.375388,514.233182,513.385114
222,20000,8,0.756741,,0.756741,0.754364,0.755453,483.0184,480.0081,481.470601,512.375388,514.233182,513.381216
223,20000,8,0.756951,,0.756951,0.754364,0.755616,483.0184,480.0081,481.584796,512.375388,514.412001,513.330934
224,20000,8,0.757208,,0.757208,0.754364,0.755833,483.172,480.0081,481.742377,512.358022,514.412001,513.267205
225,20000,8,0.757238,,0.757238,0.754364,0.756028,483.303,480.0081,481.888636,512.375388,514.068132,513.2132
226,20000,8,0.757491,,0.757491,0.755192,0.756207,483.9035,480.8824,482.073225,512.405216,514.068132,513.197157
227,20000,8,0.757893,,0.757893,0.755326,0.756374,483.987,481.0051,482.236501,512.004941,514.066911,513.176347
228,20000,8,0.758982,,0.758982,0.755449,0.756637,484.5351,481.0051,482.458756,512.004941,514.07085,513.119989
229,20000,8,0.758982,,0.758982,0.755496,0.756892,484.7589,481.0648,482.639123,512.004941,514.07085,513.042492
230,20000,8,0.759384,,0.759384,0.755671,0.75716,484.7589,481.1378,482.791636,511.937,514.07085,512.935438
231,20000,8,0.759384,,0.759384,0.756118,0.75746,484.7589,481.1378,482.962753,511.937,513.536458,512.81607
232,20000,8,0.759384,,0.759384,0.756118,0.757561,484.7589,481.1378,482.973977,511.937,513.536458,512.744991
233,20000,8,0.759384,,0.759384,0.756514,0.757772,484.6186,481.1378,483.164122,511.937,513.422623,512.707498
234,20000,8,0.759718,,0.759718,0.756514,0.757966,484.9646,481.1378,483.369899,511.937,513.422623,512.694053
235,20000,8,0.759718,,0.759718,0.756514,0.758191,484.9646,481.1378,483.553096,511.937,513.257351,512.64169
236,20000,8,0.759718,,0.759718,0.756932,0.758337,485.0886,481.1378,483.670331,511.96556,513.077814,512.606424
237,20000,8,0.760084,,0.760084,0.756932,0.758539,485.2096,481.1378,483.860698,511.938701,513.077814,512.576276
238,20000,8,0.760135,,0.760135,0.757228,0.758768,485.5346,481.6504,484.080517,511.593612,513.077814,512.54466
239,20000,8,0.762291,,0.762291,0.757296,0.758996,486.2507,481.7288,484.27815,511.25089,513.077814,512.499556
240,20000,8,0.762291,,0.762291,0.757914,0.759198,486.2507,481.9967,484.457749,511.25089,512.968299,512.461824
241,20000,8,0.762625,,0.762625,0.758121,0.759413,486.5967,482.8076,484.613827,511.222374,512.968299,512.399444
242,20000,8,0.762625,,0.762625,0.758121,0.759601,486.5967,482.8076,484.761149,511.222374,512.968299,512.35095
243,20000,8,0.762625,,0.762625,0.758121,0.759841,486.5967,482.8076,484.913669,511.222374,512.974792,512.26644
244,20000,8,0.762625,,0.762625,0.758558,0.760033,486.5967,484.0054,485.07001,511.222374,512.974792,512.221107
245,20000,8,0.762625,,0.762625,0.758595,0.760263,486.5967,484.1996,485.227568,511.18465,512.974792,512.147535
246,20000,8,0.762762,,0.762762,0.759125,0.760532,486.8417,484.3204,485.398108,510.850162,512.794944,512.051872
247,20000,8,0.764115,,0.764115,0.759173,0.760759,487.2197,484.4952,485.562476,510.478059,512.794663,511.984574
248,20000,8,0.764115,,0.764115,0.759288,0.761039,487.4089,484.7817,485.731856,510.478059,512.794663,511.880332
249,20000,8,0.764115,,0.764115,0.759315,0.761289,487.4089,484.7817,485.856678,510.478059,512.660153,511.768759
250,20000,8,0.764115,,0.764115,0.759315,0.761504,487.4089,484.8239,485.953892,510.478059,512.660153,511.666021
251,20000,8,0.764115,,0.764115,0.759315,0.761678,487.7251,484.8239,486.024547,510.478059,512.660153,511.578087
252,20000,8,0.764115,,0.764115,0.759315,0.761922,487.7251,484.8239,486.154694,510.440335,512.616125,511.47429
253,20000,8,0.764115,,0.764115,0.759976,0.762186,487.7251,485.195,486.312937,510.440335,512.382686,511.375088
254,20000,8,0.765515,,0.765515,0.759976,0.762497,487.9136,485.195,486.473192,509.850576,512.362148,511.239718
255,20000,8,0.772092,,0.772092,0.759976,0.763264,497.5091,485.2071,487.17162,507.513332,512.362148,511.109033
256,20000,8,0.772092,,0.772092,0.760591,0.76428,497.5091,485.2636,487.999788,507.513332,512.21205,510.872082
257,20000,8,0.772092,,0.772092,0.760698,0.765018,497.5091,485.2636,488.768191,507.513332,513.374791,510.810969
258,20000,8,0.773039,,0.773039,0.760816,0.765773,497.5091,485.2636,489.531786,507.513332,512.140871,510.733964
259,20000,8,0.773039,,0.773039,0.761023,0.766497,497.5091,485.3844,490.184184,507.513332,512.308973,510.606033
260,20000,8,0.773134,,0.773134,0.761709,0.767182,498.8295,486.274,491.127411,507.779625,512.323655,510.704058
261,20000,8,0.776877,,0.776877,0.762655,0.768028,498.8295,486.5369,491.947935,506.945537,512.091706,510.593823
262,20000,8,0.776877,,0.776877,0.762655,0.768864,498.8295,486.7624,492.885931,506.945537,513.297126,510.570599
263,20000,8,0.777322,,0.777322,0.762655,0.769868,498.9503,486.8417,493.944375,506.945537,513.016162,510.496893
264,20000,8,0.777403,,0.777403,0.764084,0.770746,498.9503,487.7251,494.740465,506.945537,512.224748,510.345452
265,20000,8,0.777403,,0.777403,0.765094,0.771246,498.9503,488.0319,495.219927,506.945537,512.904216,510.276617
266,20000,8,0.777403,,0.777403,0.765094,0.771827,498.9503,488.0319,495.641581,506.945537,512.904216,510.106091
267,20000,8,0.777403,,0.777403,0.765094,0.772231,498.9503,488.0319,495.899146,506.945537,512.224748,509.963404
268,20000,8,0.777403,,0.777403,0.767841,0.77269,498.9503,492.2913,496.157578,506.945537,511.851071,509.778871
269,20000,8,0.777403,,0.777403,0.767841,0.773128,498.9503,492.2913,496.49257,506.945537,511.342782,509.661053
270,20000,8,0.777403,,0.777403,0.770445,0.773424,498.9503,493.7598,496.720587,506.945537,511.342782,509.58353
271,20000,8,0.777403,,0.777403,0.770445,0.773673,499.6589,492.7593,496.851539,506.880512,511.342782,509.477094
272,20000,8,0.777403,,0.777403,0.771015,0.773916,499.6589,492.7593,496.976508,506.880512,511.342782,509.370722
273,20000,8,0.777403,,0.777403,0.771208,0.774259,499.6589,494.2649,497.170821,506.880512,511.342782,509.233406
274,20000,8,0.777622,,0.777622,0.771289,0.774651,499.6589,494.2649,497.335248,506.814614,511.342782,509.038395
275,20000,8,0.777622,,0.777622,0.771293,0.775103,500.7511,494.2649,497.502933,506.814614,511.339241,508.797564
276,20000,8,0.777661,,0.777661,0.771293,0.775434,500.7511,494.996,497.590427,506.783931,511.339241,508.598383
277,20000,8,0.777661,,0.777661,0.771293,0.775615,500.7511,495.1158,497.704682,506.783931,511.339241,508.533832
278,20000,8,0.778067,,0.778067,0.771293,0.775797,500.7511,495.452,497.817062,506.783931,511.339241,508.466887
279,20000,8,0.778067,,0.778067,0.77232,0.776107,500.8949,495.4968,497.90052,506.783931,511.222859,508.281326
280,20000,8,0.779163,,0.779163,0.772373,0.77637,500.8949,495.4968,498.024892,506.689321,510.997144,508.159135
281,20000,8,0.779163,,0.779163,0.772373,0.776657,500.8963,495.4968,498.304762,506.623081,510.997144,508.12343
282,20000,8,0.779163,,0.779163,0.773624,0.776979,500.8963,495.4968,498.432868,506.116615,510.423355,507.957771
283,20000,8,0.780556,,0.780556,0.773624,0.777252,502.3367,496.4308,498.666045,506.116615,509.910024,507.900779
284,20000,8,0.780556,,0.780556,0.773624,0.777634,502.3367,496.4308,498.8816,506.116615,509.809306,507.747637
285,20000,8,0.780556,,0.780556,0.7748,0.777985,502.3367,497.4712,499.18494,506.116615,509.809306,507.676811
286,20000,8,0.780556,,0.780556,0.776035,0.778253,502.3367,497.5296,499.386443,506.116615,509.809306,507.602827
287,20000,8,0.780556,,0.780556,0.77672,0.778484,502.5545,497.5296,499.560142,506.116615,509.809306,507.539508
288,20000,8,0.780556,,0.780556,0.777291,0.778674,502.5545,497.5296,499.678552,506.116615,508.538834,507.470569
289,20000,8,0.781684,,0.781684,0.777474,0.778839,503.0006,497.7318,499.853144,505.984478,508.538834,507.458739
290,20000,8,0.781684,,0.781684,0.777474,0.779064,503.0006,497.5296,500.002573,505.953794,508.538834,507.38335
291,20000,8,0.781684,,0.781684,0.777474,0.779317,503.0006,497.5296,500.230561,505.953794,508.538834,507.338957
292,20000,8,0.781997,,0.781997,0.777474,0.779597,503.3293,497.5296,500.473313,505.642669,508.538834,507.282806
293,20000,8,0.781997,,0.781997,0.778047,0.77982,503.2184,497.5296,500.648875,505.642669,508.51562,507.226411
294,20000,8,0.782806,,0.782806,0.778047,0.780102,503.9854,497.5296,500.914409,505.642669,508.458331,507.185112
295,20000,8,0.783052,,0.783052,0.778047,0.78035,504.1802,497.5296,501.170329,505.953794,508.407574,507.163094
296,20000,8,0.784061,,0.784061,0.778812,0.780665,504.1802,497.8184,501.539608,505.953794,508.289221,507.164496
297,20000,8,0.784432,,0.784432,0.779178,0.780971,505.3076,498.1045,501.824194,505.953794,508.049223,507.11642
298,20000,8,0.784432,,0.784432,0.779489,0.781174,505.3076,498.3933,501.99231,505.952158,508.049223,507.071141
299,20000,8,0.785444,,0.785444,0.779514,0.781417,505.5826,498.3933,502.274032,505.953794,508.049223,507.070439
300,20000,8,0.785444,,0.785444,0.779514,0.78169,505.5826,498.3933,502.533729,505.953794,508.049223,507.031436
301,20000,8,0.785444,,0.785444,0.779514,0.781962,505.5826,498.3933,502.779242,505.953794,508.049223,506.98371
302,20000,8,0.785444,,0.785444,0.779556,0.782309,505.5826,498.4897,503.087118,505.968329,508.049223,506.919574
303,20000,8,0.785444,,0.785444,0.779556,0.782595,505.5826,498.4897,503.34271,505.968329,508.049223,506.86716
304,20000,8,0.785444,,0.785444,0.779556,0.782916,505.5826,498.4897,503.642463,505.819785,508.049223,506.817506
305,20000,8,0.785456,,0.785456,0.779696,0.783152,505.5826,499.2859,503.866415,505.819785,508.049223,506.783637
306,20000,8,0.786181,,0.786181,0.780641,0.783444,507.1805,500.2472,504.092541,505.756111,507.839177,506.707809
307,20000,8,0.786181,,0.786181,0.780974,0.783714,507.1805,500.3436,504.352504,505.756111,507.613795,506.670895
308,20000,8,0.786181,,0.786181,0.781005,0.783929,507.1805,500.3436,504.5931,505.756111,507.485823,506.664737
309,20000,8,0.786192,,0.786192,0.781469,0.784121,507.1805,502.5823,504.832742,505.765413,507.485823,506.675849
310,20000,8,0.786192,,0.786192,0.781469,0.784385,507.1805,502.9544,505.064738,505.765413,507.485823,506.625333
311,20000,8,0.786424,,0.786424,0.781684,0.784609,507.1805,503.0006,505.293557,505.765413,507.348385,506.60369
312,20000,8,0.786424,,0.786424,0.781684,0.784884,507.1805,503.0006,505.581477,505.765413,507.348385,506.582466
313,20000,8,0.786424,,0.786424,0.781684,0.785056,507.1805,503.0006,505.779927,505.765413,507.348385,506.581272
314,20000,8,0.786424,,0.786424,0.781684,0.785384,507.1805,503.0006,506.105669,505.765413,507.348385,506.543827
315,20000,8,0.786424,,0.786424,0.781684,0.785595,507.1805,503.0006,506.350054,506.137157,507.348385,506.542595
316,20000,8,0.786757,,0.786757,0.782138,0.785736,507.1841,503.4466,506.470282,506.137157,507.293559,506.512911
317,20000,8,0.786757,,0.786757,0.783052,0.785893,507.1841,504.1802,506.611918,506.192045,507.071941,506.485389
318,20000,8,0.78798,,0.78798,0.783052,0.786033,508.4087,504.1802,506.720161,506.061637,507.071941,506.449179
319,20000,8,0.78798,,0.78798,0.783916,0.786196,508.4087,505.104,506.856765,506.061637,507.017568,506.41349
320,20000,8,0.78798,,0.78798,0.783916,0.786268,508.4087,505.104,506.910885,506.061637,507.017568,506.393358
321,20000,8,0.78798,,0.78798,0.783916,0.786348,508.4087,505.104,506.979983,506.061637,507.017568,506.377147
322,20000,8,0.78798,,0.78798,0.783916,0.786424,508.4087,505.104,507.027854,506.061637,507.017568,506.349962
323,20000,8,0.78798,,0.78798,0.786014,0.786539,508.4087,506.4175,507.124092,506.061637,506.64171,506.325344
324,20000,8,0.78798,,0.78798,0.786181,0.786638,508.4087,506.8953,507.210174,506.061637,506.64171,506.305589
325,20000,8,0.788313,,0.788313,0.786181,0.786712,508.6975,506.8953,507.254222,505.995397,506.64171,506.277066
326,20000,8,0.788313,,0.788313,0.786181,0.78681,508.6975,506.8953,507.315892,505.995397,506.64171,506.24227
327,20000,8,0.788313,,0.788313,0.786181,0.786911,508.6975,506.8953,507.397882,505.995397,506.64171,506.218144
328,20000,8,0.788313,,0.788313,0.786181,0.786967,508.6975,506.8953,507.417062,505.995397,506.64171,506.187713
329,20000,8,0.788313,,0.788313,0.786181,0.787069,508.6975,506.8953,507.51222,505.982611,506.64171,506.171873
330,20000,8,0.788653,,0.788653,0.786181,0.787184,508.7759,506.8953,507.618628,505.782886,506.64171,506.153203
331,20000,8,0.788653,,0.788653,0.786424,0.787233,508.7759,506.8953,507.663144,505.782886,506.508138,506.144665
332,20000,8,0.788653,,0.788653,0.786424,0.787295,508.7759,506.8953,507.71864,505.782886,506.508138,506.133696
333,20000,8,0.788653,,0.788653,0.786424,0.787385,508.7759,506.8953,507.812592,505.782886,506.508138,506.126553
334,20000,8,0.788653,,0.788653,0.786424,0.787501,508.7759,506.8953,507.919265,505.782886,506.508138,506.107712
335,20000,8,0.788653,,0.788653,0.786424,0.787641,508.7759,506.8953,508.056604,505.782886,506.508138,506.090586
336,20000,8,0.788653,,0.788653,0.786424,0.787753,508.7759,506.8953,508.149959,505.782886,506.508138,506.065482
337,20000,8,0.788653,,0.788653,0.786527,0.787897,508.7759,507.1841,508.272575,505.782886,506.508138,506.035347
338,20000,8,0.789246,,0.789246,0.786527,0.787978,508.9819,507.1841,508.334517,505.458109,506.508138,506.013479
339,20000,8,0.789246,,0.789246,0.786527,0.78811,508.9819,507.2625,508.435944,505.458109,506.508138,505.978774
340,20000,8,0.789561,,0.789561,0.78251,0.788164,509.4986,502.5556,508.353765,503.599274,508.076527,505.881526
341,20000,8,0.79052,,0.79052,0.78686,0.788414,509.9007,506.6415,508.608119,504.00052,506.453312,505.85694
342,20000,8,0.79052,,0.79052,0.78698,0.788575,509.9007,505.6001,508.692125,504.00052,506.453312,505.788019
343,20000,8,0.791266,,0.791266,0.787137,0.788764,509.9007,505.6001,508.775034,503.548447,506.41927,505.696062
344,20000,8,0.791596,,0.791596,0.787137,0.788929,510.4751,505.6001,508.862528,503.548447,506.41927,505.625679
345,20000,8,0.792865,,0.792865,0.78724,0.789072,511.4024,505.6001,508.964366,503.548447,506.41927,505.58244
346,20000,8,0.792865,,0.792865,0.78724,0.789265,511.4024,507.9679,509.083406,503.544137,506.41927,505.511655
347,20000,8,0.792865,,0.792865,0.788478,0.789394,511.4024,508.4828,509.154794,503.544137,505.972769,505.459046
348,20000,8,0.792865,,0.792865,0.788653,0.789565,511.4024,508.4828,509.255554,503.544137,505.972769,505.392974
349,20000,8,0.792865,,0.792865,0.788653,0.789771,511.4024,508.4828,509.331071,503.544137,505.972769,505.283293
350,20000,8,0.793554,,0.793554,0.788653,0.789952,511.8212,508.4556,509.421135,503.544137,506.224538,505.202454
351,20000,8,0.793554,,0.793554,0.788653,0.790098,511.8212,508.4556,509.477548,503.468146,506.224538,505.126123
352,20000,8,0.794314,,0.794314,0.788653,0.790212,512.0468,508.4828,509.553882,503.468146,506.224538,505.087905
353,20000,8,0.794314,,0.794314,0.788694,0.790305,512.0468,508.4828,509.600048,503.468146,506.224538,505.046476
354,20000,8,0.794314,,0.794314,0.788694,0.790462,512.0468,508.4828,509.680822,503.468146,506.224538,504.978011
355,20000,8,0.794314,,0.794314,0.788705,0.790758,512.0468,508.9819,509.889884,503.559045,506.224538,504.887574
356,20000,8,0.794314,,0.794314,0.788705,0.790867,512.0468,508.9819,509.96923,503.559045,506.224538,504.856008
357,20000,8,0.794314,,0.794314,0.788705,0.791046,512.0468,508.9819,510.087555,503.559045,506.224538,504.795255
358,20000,8,0.794314,,0.794314,0.789246,0.791267,512.0468,508.9819,510.207335,503.559045,506.224538,504.703068
359,20000,8,0.794314,,0.794314,0.789246,0.791467,512.2799,508.9819,510.342199,503.559045,506.224538,504.637941
360,20000,8,0.794314,,0.794314,0.789246,0.791662,512.2799,508.9819,510.489523,503.559045,506.224538,504.583862
361,20000,8,0.794314,,0.794314,0.789326,0.791972,512.2799,508.9819,510.682808,503.559045,506.224538,504.472084
362,20000,8,0.795014,,0.795014,0.789326,0.79217,514.059,508.9516,510.85855,503.375562,506.224538,504.435151
363,20000,8,0.795014,,0.795014,0.789326,0.79248,514.059,508.9819,511.054882,503.375562,505.79349,504.324942
364,20000,8,0.795014,,0.795014,0.789326,0.792677,514.059,508.9819,511.220622,503.375562,505.79349,504.282395
365,20000,8,0.795014,,0.795014,0.789541,0.792881,514.059,508.9959,511.344236,503.375562,505.79349,504.206232
366,20000,8,0.795249,,0.795249,0.789541,0.793153,514.059,508.9959,511.561105,503.375562,505.803241,504.139511
367,20000,8,0.795249,,0.795249,0.789541,0.793515,514.059,508.9959,511.802448,503.297581,505.79349,504.018318
368,20000,8,0.795249,,0.795249,0.789541,0.793723,514.059,508.9959,512.004741,503.297581,505.79349,503.992087
369,20000,8,0.795249,,0.795249,0.78989,0.793969,514.059,508.9959,512.197783,503.297581,505.79349,503.929312
370,20000,8,0.795249,,0.795249,0.78989,0.794169,514.059,508.9959,512.357219,503.297581,505.79349,503.880448
371,20000,8,0.79628,,0.79628,0.78989,0.794346,514.1376,508.9959,512.493614,503.297581,504.965165,503.833405
372,20000,8,0.79628,,0.79628,0.790917,0.794461,514.1376,510.0386,512.587324,503.22159,504.863147,503.806661
373,20000,8,0.79628,,0.79628,0.790917,0.794684,514.4827,510.0386,512.79023,503.22159,504.863147,503.768777
374,20000,8,0.79628,,0.79628,0.790917,0.794823,514.4827,510.0386,512.972943,503.110818,504.863147,503.782877
375,20000,8,0.79628,,0.79628,0.793852,0.794951,514.4827,512.0121,513.085091,503.110818,504.361732,503.75803
376,20000,8,0.79628,,0.79628,0.793887,0.795112,514.4827,512.0468,513.27594,502.927335,504.361732,503.760315
377,20000,8,0.79628,,0.79628,0.793887,0.795262,514.4827,512.0468,513.446423,502.927335,504.361732,503.757665
378,20000,8,0.797398,,0.797398,0.793887,0.79541,514.4827,512.11,513.595937,502.657642,504.361732,503.742482
379,20000,8,0.797398,,0.797398,0.793887,0.79558,514.8478,512.11,513.698775,502.657642,504.361732,503.678411
380,20000,8,0.797398,,0.797398,0.794555,0.795712,514.9671,512.5237,513.776346,502.657642,504.295492,503.627952
381,20000,8,0.797398,,0.797398,0.794555,0.795819,514.9671,512.5237,513.826814,502.352779,504.295492,503.578451
382,20000,8,0.797398,,0.797398,0.794555,0.795944,514.9671,512.2995,513.917189,502.174318,504.295492,503.540979
383,20000,8,0.797398,,0.797398,0.794781,0.796093,515.1366,512.2995,513.992103,502.174318,504.178248,503.475207
384,20000,8,0.797398,,0.797398,0.794781,0.796229,515.1366,512.2995,513.995987,502.038974,504.123971,503.371316
385,20000,8,0.797632,,0.797632,0.794781,0.796371,515.1366,512.5237,514.053049,501.832017,504.123971,503.299298
386,20000,8,0.79789,,0.79789,0.795138,0.796492,515.1366,512.8601,514.128746,501.518212,504.123971,503.255414
387,20000,8,0.798209,,0.798209,0.795762,0.796599,515.2715,512.8601,514.165118,501.518212,504.111094,503.196372
388,20000,8,0.798323,,0.798323,0.795762,0.796685,515.2715,512.8601,514.226825,501.463934,504.111094,503.170564
389,20000,8,0.798323,,0.798323,0.796131,0.796845,515.2715,513.1629,514.260466,501.463934,504.111094,503.068481
390,20000,8,0.79848,,0.79848,0.796138,0.796982,515.5603,513.1629,514.240142,501.463934,504.111094,502.948139
391,20000,8,0.79848,,0.79848,0.796238,0.797093,515.5603,513.1629,514.231604,501.463934,503.792834,502.855858
392,20000,8,0.799362,,0.799362,0.796238,0.797247,515.5603,513.1629,514.240494,501.463934,503.792834,502.741488
393,20000,8,0.799362,,0.799362,0.796306,0.797423,515.5603,513.1629,514.238613,501.463934,503.805905,502.602948
394,20000,8,0.799362,,0.799362,0.796334,0.797594,515.5603,513.1629,514.304051,501.463934,503.805905,502.513588
395,20000,8,0.799362,,0.799362,0.79636,0.797779,515.6079,512.4603,514.374645,501.455329,503.76133,502.416649
396,20000,8,0.799362,,0.799362,0.796408,0.797924,515.8967,513.1629,514.490722,501.455329,503.76133,502.380821
397,20000,8,0.799362,,0.799362,0.796681,0.798133,516.0064,513.1629,514.661944,501.463934,503.683302,502.333073
398,20000,8,0.799362,,0.799362,0.796681,0.79833,516.0064,513.1629,514.780581,501.463934,503.617062,502.258469
399,20000,8,0.799558,,0.799558,0.796681,0.7985,516.4301,513.5866,514.876846,501.463934,503.617062,502.190182
400,20000,8,0.799558,,0.799558,0.797249,0.798664,516.4301,513.5866,514.928712,501.463934,503.617062,502.097469
401,20000,8,0.799662,,0.799662,0.797249,0.798898,516.4301,514.0358,515.007509,501.501064,503.099755,501.96743
402,20000,8,0.799662,,0.799662,0.797249,0.798974,516.4301,514.0358,515.025265,501.501064,503.037859,501.920266
403,20000,8,0.799741,,0.799741,0.797764,0.799096,516.4301,514.0358,515.074364,501.501064,503.037847,501.858283
404,20000,8,0.799741,,0.799741,0.797939,0.799156,516.4301,514.0358,515.123681,501.501064,502.901327,501.844128
405,20000,8,0.799741,,0.799741,0.797939,0.799207,516.4301,514.0358,515.109032,501.501064,502.901327,501.794372
406,20000,8,0.800051,,0.800051,0.798072,0.799278,516.4301,514.0358,515.129046,501.243785,502.688915,501.752711
407,20000,8,0.800051,,0.800051,0.798504,0.799333,516.4301,514.0358,515.128874,501.243785,502.467846,501.70966
408,20000,8,0.800131,,0.800131,0.79856,0.799415,516.4441,514.0358,515.181234,501.181889,502.40595,501.681178
409,20000,8,0.800131,,0.800131,0.79856,0.799468,516.4441,514.0358,515.219339,501.181889,502.40595,501.664718
410,20000,8,0.800131,,0.800131,0.798742,0.799524,516.4441,514.0358,515.283622,501.181889,502.40595,501.664176
411,20000,8,0.800131,,0.800131,0.798742,0.799605,516.4441,514.0358,515.314666,501.181889,502.263463,501.622352
412,20000,8,0.800211,,0.800211,0.799362,0.799664,516.4441,514.8509,515.34981,501.181889,502.263463,501.599209
413,20000,8,0.800216,,0.800216,0.799362,0.79971,516.4441,514.8509,515.330313,501.131384,502.263463,501.551018
414,20000,8,0.800216,,0.800216,0.799362,0.799752,516.4441,514.8509,515.322154,501.131384,502.263463,501.512366
415,20000,8,0.800377,,0.800377,0.799362,0.799803,516.4441,514.8509,515.324318,501.131384,502.263463,501.474174
416,20000,8,0.800377,,0.800377,0.799362,0.799849,516.4441,514.8509,515.297147,501.039402,502.263463,501.42001
417,20000,8,0.800377,,0.800377,0.799362,0.799903,516.4441,514.8509,515.295263,501.039402,502.015899,501.376402
418,20000,8,0.800377,,0.800377,0.799362,0.79995,516.4441,514.8509,515.313145,501.039402,502.015899,501.351797
419,20000,8,0.800478,,0.800478,0.799362,0.799986,516.4441,514.8509,515.346163,500.927001,502.015899,501.346236
420,20000,8,0.800719,,0.800719,0.799362,0.800038,516.4441,514.8509,515.374605,500.927001,502.015899,501.324518
421,20000,8,0.80123,,0.80123,0.799362,0.800119,517.1912,514.8509,515.412932,500.927001,502.015899,501.286782
422,20000,8,0.801371,,0.801371,0.799362,0.800199,517.1912,514.8509,515.465827,500.927001,501.771497,501.259923
423,20000,8,0.801371,,0.801371,0.799362,0.800293,517.1912,514.8509,515.52727,500.927001,501.771497,501.227498
424,20000,8,0.801371,,0.801371,0.799362,0.800392,517.1912,514.8509,515.601369,500.927001,501.771497,501.200124
425,20000,8,0.804263,,0.804263,0.798626,0.800658,518.7775,513.2256,515.728052,498.880683,501.771497,501.077389
426,20000,8,0.804428,,0.804428,0.799271,0.800878,518.8019,514.224,515.881516,498.880683,501.743523,501.009298
427,20000,8,0.805423,,0.805423,0.799271,0.801118,520.1309,514.224,516.054605,498.880683,501.743523,500.937457
428,20000,8,0.805423,,0.805423,0.800051,0.801351,520.1309,514.4271,516.180996,498.711771,501.691082,500.840468
429,20000,8,0.805423,,0.805423,0.800131,0.801507,520.1309,514.4271,516.270135,498.711771,501.895777,500.778422
430,20000,8,0.805423,,0.805423,0.800131,0.801788,520.1309,514.4271,516.469749,498.711771,501.691082,500.693263
431,20000,8,0.805503,,0.805503,0.800131,0.802135,520.1309,515.0327,516.718633,498.711771,501.311386,500.58917
432,20000,8,0.805503,,0.805503,0.800296,0.802432,520.1309,515.0327,516.936884,498.711771,501.311386,500.504234
433,20000,8,0.805557,,0.805557,0.800296,0.802684,520.1987,515.2941,517.106285,498.711771,501.311386,500.421347
434,20000,8,0.805557,,0.805557,0.800296,0.802887,520.1987,515.2941,517.234935,498.711771,501.311386,500.348742
435,20000,8,0.805557,,0.805557,0.800478,0.803318,520.1987,515.2941,517.488361,498.711771,501.249491,500.182324
436,20000,8,0.80625,,0.80625,0.800478,0.803742,520.3592,515.2941,517.767745,498.711771,501.249491,500.038768
437,20000,8,0.806494,,0.806494,0.801395,0.804038,520.3836,515.9697,517.931198,498.711771,501.245963,499.917953
438,20000,8,0.806494,,0.806494,0.801395,0.804291,520.3836,515.1719,518.160538,498.711771,501.245963,499.873914
439,20000,8,0.806494,,0.806494,0.801536,0.804437,520.3836,516.1761,518.229507,498.711771,501.245963,499.805956
440,20000,8,0.806631,,0.806631,0.801536,0.804603,520.4514,516.1761,518.36412,498.711771,501.245963,499.767447
441,20000,8,0.806631,,0.806631,0.801536,0.804813,520.4514,516.1761,518.609884,498.711771,500.846587,499.768109
442,20000,8,0.807189,,0.807189,0.801536,0.80509,520.4514,516.1438,518.870617,498.711771,500.846587,499.726695
443,20000,8,0.807354,,0.807354,0.801536,0.805328,520.6249,516.4052,519.110289,498.711771,500.846587,499.701815
444,20000,8,0.807451,,0.807451,0.802126,0.805592,521.5992,516.5398,519.328817,498.711771,500.629956,499.642456
445,20000,8,0.807451,,0.807451,0.803931,0.805793,521.5992,516.5398,519.467874,498.711771,500.513493,499.578311
446,20000,8,0.807616,,0.807616,0.803931,0.806061,521.6776,516.5398,519.635248,498.711771,500.513493,499.48141
447,20000,8,0.807616,,0.807616,0.804431,0.806296,521.6776,516.6362,519.838953,498.743669,500.314023,499.434835
448,20000,8,0.808159,,0.808159,0.804431,0.80652,521.6776,516.6362,520.024047,498.631268,500.314023,499.384471
449,20000,8,0.808159,,0.808159,0.804431,0.806721,521.7727,516.6362,520.24143,498.743133,500.176371,499.372877
450,20000,8,0.808159,,0.808159,0.804431,0.806912,521.7727,516.6362,520.433127,498.743669,500.169207,499.352481
451,20000,8,0.808159,,0.808159,0.805581,0.807081,521.8511,518.4424,520.590252,498.752628,500.164841,499.32579
452,20000,8,0.808205,,0.808205,0.805589,0.807213,522.0179,518.4424,520.729836,498.666272,499.713377,499.316183
453,20000,8,0.808371,,0.808371,0.805589,0.807328,522.6425,518.4424,520.891267,498.666272,499.713377,499.335162
454,20000,8,0.808476,,0.808476,0.805589,0.807467,522.6425,518.4424,521.053784,498.666272,499.713377,499.335246
455,20000,8,0.808506,,0.808506,0.805589,0.80759,522.6425,518.4424,521.131809,498.602917,499.699046,499.291751
456,20000,8,0.809232,,0.809232,0.805589,0.807679,522.6425,518.4424,521.183525,498.602917,499.694623,499.257151
457,20000,8,0.809232,,0.809232,0.805589,0.807843,522.6425,518.4424,521.356247,498.602917,499.953741,499.244719
458,20000,8,0.809232,,0.809232,0.805589,0.807984,522.6425,518.4424,521.414538,498.602917,499.699046,499.173905
459,20000,8,0.809232,,0.809232,0.805589,0.808095,522.6425,518.4424,521.50835,498.41262,499.699046,499.149956
460,20000,8,0.809232,,0.809232,0.80618,0.808234,522.7209,518.8061,521.609284,498.41262,499.785344,499.109546
461,20000,8,0.809232,,0.809232,0.80618,0.808331,522.7209,518.8061,521.68591,498.41262,499.785344,499.08485
462,20000,8,0.809232,,0.809232,0.807566,0.808451,522.7209,520.2982,521.814282,498.41262,499.785344,499.077245
463,20000,8,0.809331,,0.809331,0.807727,0.808563,522.7209,520.2982,521.907053,498.41262,499.785344,499.052014
464,20000,8,0.8097,,0.8097,0.807727,0.808658,522.7209,520.2982,521.953475,498.336629,499.785344,499.009598
465,20000,8,0.809865,,0.809865,0.807727,0.80881,522.7209,520.2982,522.024018,498.336629,499.785344,498.938023
466,20000,8,0.809865,,0.809865,0.807877,0.808936,522.7209,521.1651,522.122611,498.336629,499.785344,498.905686
467,20000,8,0.809865,,0.809865,0.808283,0.809075,523.1824,521.1651,522.198831,498.336629,499.704987,498.848298
468,20000,8,0.809865,,0.809865,0.808283,0.809193,523.1824,521.2577,522.271732,498.336629,499.704987,498.805647
469,20000,8,0.809865,,0.809865,0.80837,0.809288,523.1824,521.4246,522.292464,498.336629,499.453135,498.745135
470,20000,8,0.809865,,0.809865,0.80837,0.809358,523.1824,521.503,522.342692,498.336629,499.453135,498.724192
471,20000,8,0.810005,,0.810005,0.80837,0.80943,523.104,521.503,522.392555,498.336629,499.529126,498.701289
472,20000,8,0.810005,,0.810005,0.80837,0.809511,522.9454,521.6787,522.4348,498.423673,499.293208,498.666835
473,20000,8,0.810146,,0.810146,0.809143,0.809582,522.9454,521.9818,522.467233,498.151932,498.94217,498.6332
474,20000,8,0.81016,,0.81016,0.809148,0.809645,523.0686,521.9818,522.487984,498.151932,498.94217,498.597725
475,20000,8,0.81016,,0.81016,0.809232,0.809697,523.0686,521.9818,522.52472,498.151932,498.86472,498.581647
476,20000,8,0.81016,,0.81016,0.809232,0.809746,523.0686,521.9818,522.539446,498.151932,498.86472,498.553741
477,20000,8,0.81016,,0.81016,0.809232,0.809784,523.0686,521.9818,522.543002,498.151932,498.86472,498.526355
478,20000,8,0.81016,,0.81016,0.809232,0.809817,523.0686,521.9818,522.566292,498.151932,498.86472,498.515734
479,20000,8,0.81016,,0.81016,0.809397,0.809872,523.0686,521.9818,522.596446,498.151932,498.788729,498.493475
480,20000,8,0.810325,,0.810325,0.809397,0.809917,523.093,521.9818,522.598861,498.151932,498.788729,498.459704
481,20000,8,0.810325,,0.810325,0.809397,0.809955,523.093,521.9818,522.613978,498.151932,498.788729,498.440501
482,20000,8,0.810325,,0.810325,0.809579,0.810012,523.093,522.4055,522.614545,498.075941,498.646242,498.396084
483,20000,8,0.810325,,0.810325,0.80958,0.810051,523.093,522.4055,522.623964,498.075941,498.645588,498.372026
484,20000,8,0.810325,,0.810325,0.80958,0.81009,523.093,522.4055,522.630322,498.075941,498.645588,498.345959
485,20000,8,0.810325,,0.810325,0.80958,0.810128,523.093,522.4055,522.63771,498.075941,498.645588,498.321606
486,20000,8,0.810325,,0.810325,0.80958,0.810152,523.093,522.4055,522.656588,498.075941,498.645588,498.315277
487,20000,8,0.810325,,0.810325,0.80958,0.81018,523.093,522.4055,522.661716,498.075941,498.645588,498.296997
488,20000,8,0.810325,,0.810325,0.80958,0.81021,523.093,522.4055,522.674259,498.075941,498.645588,498.281664
489,20000,8,0.810383,,0.810383,0.80958,0.810242,523.1283,522.4055,522.705338,498.075941,498.645588,498.277871
490,20000,8,0.810383,,0.810383,0.809865,0.810262,523.1283,522.4055,522.729099,498.075941,498.473006,498.278081
491,20000,8,0.810383,,0.810383,0.809865,0.810278,523.1283,522.4055,522.752248,498.075941,498.526789,498.280738
492,20000,8,0.810383,,0.810383,0.809865,0.810285,523.1283,522.4055,522.767566,498.075941,498.526789,498.285639
493,20000,8,0.810383,,0.810383,0.809865,0.810292,523.1283,522.4055,522.800726,498.075941,498.526789,498.302991
494,20000,8,0.810383,,0.810383,0.809865,0.810305,523.1283,522.4055,522.833102,498.075941,498.526789,498.314147
495,20000,8,0.810493,,0.810493,0.810219,0.810319,523.1283,522.4839,522.872784,497.933454,498.526789,498.330029
496,20000,8,0.810493,,0.810493,0.810219,0.810322,523.1283,522.4839,522.891488,497.933454,498.526789,498.339979
497,20000,8,0.810493,,0.810493,0.810219,0.810324,523.1283,522.4839,522.922727,497.933454,498.526789,498.359072
498,20000,8,0.810493,,0.810493,0.81031,0.810328,523.1283,522.4839,522.953613,497.933454,498.473006,498.376963
499,20000,8,0.811128,,0.811128,0.81031,0.810339,523.7374,522.4839,522.990512,497.933454,498.473006,498.393443
500,20000,8,0.811128,,0.811128,0.81031,0.810347,523.7374,522.4839,523.02132,497.933454,498.473006,498.407378
501,20000,8,0.811128,,0.811128,0.81031,0.810367,523.7374,522.4839,523.040299,497.933454,498.473006,498.404603
502,20000,8,0.811128,,0.811128,0.81031,0.810378,523.7374,522.4839,523.053187,497.933454,498.473006,498.404979
503,20000,8,0.811128,,0.811128,0.81031,0.810382,523.7374,522.4839,523.05354,497.933454,498.473006,498.401907
504,20000,8,0.811163,,0.811163,0.81031,0.810419,523.8016,522.4839,523.074573,497.933454,498.473006,498.387005
505,20000,8,0.811163,,0.811163,0.81031,0.810445,523.8016,522.4839,523.101055,497.933454,498.473006,498.384466
506,20000,8,0.811163,,0.811163,0.810325,0.810477,523.8016,522.4839,523.109617,497.933454,498.473006,498.365518
507,20000,8,0.811163,,0.811163,0.810325,0.81052,523.8016,522.4839,523.137383,497.933454,498.473006,498.35047
508,20000,8,0.811163,,0.811163,0.810325,0.810548,523.8016,522.4839,523.153256,497.933454,498.473006,498.339256
509,20000,8,0.811163,,0.811163,0.810325,0.810605,523.8016,522.4839,523.200001,497.933454,498.473006,498.325714
510,20000,8,0.815063,,0.815063,0.810142,0.810768,526.0413,521.4659,523.247337,496.347166,498.555685,498.230429
511,20000,8,0.815063,,0.815063,0.81025,0.810949,526.0413,522.4839,523.33959,496.347166,498.555685,498.151269
512,20000,8,0.815063,,0.815063,0.810325,0.811168,526.0413,522.0455,523.443646,496.347166,498.473006,498.049933
513,20000,8,0.815063,,0.815063,0.810325,0.8114,526.0413,522.0455,523.564306,496.347166,498.473006,497.950038
514,20000,8,0.815063,,0.815063,0.810325,0.811595,526.0413,522.0455,523.700347,496.347166,498.473006,497.889487
515,20000,8,0.815063,,0.815063,0.810325,0.811779,526.0413,522.0455,523.780663,496.347166,498.588315,497.799627
516,20000,8,0.815063,,0.815063,0.810325,0.811924,526.0413,522.0455,523.856518,496.347166,498.473006,497.736773
517,20000,8,0.815063,,0.815063,0.810493,0.812137,526.0413,522.0455,523.96941,496.347166,498.465396,497.646681
518,20000,8,0.815063,,0.815063,0.810493,0.812376,526.0413,522.0455,524.076558,496.347166,498.398759,497.53235
519,20000,8,0.815063,,0.815063,0.810493,0.81261,526.0413,522.0455,524.238288,496.347166,498.293654,497.458143
520,20000,8,0.815063,,0.815063,0.810493,0.812839,526.0413,522.4441,524.397495,496.109656,498.456792,497.385874
521,20000,8,0.815063,,0.815063,0.810493,0.813053,526.0413,522.4441,524.471588,496.109656,498.293654,497.268362
522,20000,8,0.815063,,0.815063,0.811128,0.813262,526.0413,522.4441,524.508847,496.109656,498.293654,497.130923
523,20000,8,0.815063,,0.815063,0.811128,0.813505,526.0413,522.4441,524.604273,496.109656,498.278217,497.005411
524,20000,8,0.815063,,0.815063,0.811128,0.813763,526.1117,522.7329,524.761187,496.109656,498.278217,496.908796
525,20000,8,0.815166,,0.815166,0.811128,0.813912,526.1117,523.3522,524.875159,496.109656,498.278217,496.869078
526,20000,8,0.815166,,0.815166,0.811193,0.814066,526.3561,523.3522,524.999963,496.109656,498.042678,496.832231
527,20000,8,0.816797,,0.816797,0.811973,0.81422,527.4061,523.3522,525.096821,496.109656,497.911976,496.777712
528,20000,8,0.816797,,0.816797,0.811973,0.814398,527.4061,523.3522,525.238878,496.109656,497.837864,496.733401
529,20000,8,0.816797,,0.816797,0.812905,0.814584,527.4061,524.2861,525.445305,496.109656,497.798741,496.726708
530,20000,8,0.816797,,0.816797,0.812905,0.814684,527.4061,524.2861,525.527,496.109656,497.798741,496.703895
531,20000,8,0.816797,,0.816797,0.812905,0.81485,527.4061,524.2861,525.698481,496.109656,497.798741,496.68942
532,20000,8,0.816797,,0.816797,0.813997,0.815055,527.4061,524.2861,525.974594,496.109656,497.519982,496.714271
533,20000,8,0.816797,,0.816797,0.814075,0.815259,527.4061,524.2861,526.193835,496.107814,497.269585,496.701746
534,20000,8,0.816797,,0.816797,0.814075,0.815488,527.4061,524.2861,526.385027,496.107814,497.034365,496.651823
535,20000,8,0.816797,,0.816797,0.814075,0.815621,527.4327,524.2861,526.508523,496.107814,497.17391,496.630876
536,20000,8,0.816938,,0.816938,0.814075,0.815778,527.8506,524.2861,526.691333,495.995413,497.213219,496.630451
537,20000,8,0.816938,,0.816938,0.814846,0.81592,527.8506,525.8066,526.78034,495.995413,497.213219,496.57958
538,20000,8,0.817073,,0.817073,0.814846,0.81602,528.0591,525.3798,526.838372,495.995413,497.103227,496.540312
539,20000,8,0.817454,,0.817454,0.814846,0.816144,528.2335,525.3798,526.918574,495.861706,497.103227,496.497419
540,20000,8,0.817454,,0.817454,0.814907,0.816235,528.2335,525.3798,526.962988,495.861706,497.034365,496.4562
541,20000,8,0.817454,,0.817454,0.815057,0.816385,528.2335,526.1578,527.059561,495.861706,497.034365,496.403744
542,20000,8,0.818082,,0.818082,0.815452,0.816521,528.54,526.1578,527.182791,495.861706,496.882655,496.380671
543,20000,8,0.818082,,0.818082,0.815452,0.81664,528.54,526.1578,527.281577,495.802249,496.796856,496.353437
544,20000,8,0.818082,,0.818082,0.815611,0.816762,528.54,526.1578,527.396633,495.861706,496.78997,496.336101
545,20000,8,0.818082,,0.818082,0.815611,0.816913,528.8962,526.1578,527.517885,495.861706,496.868789,496.299584
546,20000,8,0.818082,,0.818082,0.815611,0.817044,528.8962,526.1578,527.650926,495.802249,496.868789,496.286219
547,20000,8,0.818348,,0.818348,0.815611,0.817153,528.8962,526.1578,527.727626,495.901995,496.740098,496.252831
548,20000,8,0.818613,,0.818613,0.815611,0.817254,528.9746,526.1578,527.820036,495.901995,496.75948,496.235504
549,20000,8,0.818613,,0.818613,0.815929,0.81738,529.0751,526.1578,527.93868,495.838728,496.59328,496.217289
550,20000,8,0.818613,,0.818613,0.816337,0.817492,529.0751,526.8108,528.082214,495.901995,496.522047,496.225416
551,20000,8,0.819723,,0.819723,0.816384,0.81763,529.6511,526.9113,528.22897,495.536887,496.576718,496.216703
552,20000,8,0.819723,,0.819723,0.816797,0.817741,529.6511,526.9274,528.338516,495.536887,496.576718,496.203236
553,20000,8,0.819723,,0.819723,0.816797,0.817873,529.6511,527.1684,528.448377,495.536887,496.522047,496.173739
554,20000,8,0.819723,,0.819723,0.816797,0.81799,529.6511,527.1684,528.516612,495.536875,496.522047,496.128604
555,20000,8,0.819723,,0.819723,0.816797,0.818142,529.6511,527.3056,528.630249,495.536875,496.522047,496.085958
556,20000,8,0.819723,,0.819723,0.816797,0.818229,529.6511,527.3056,528.682676,495.536875,496.522047,496.053026
557,20000,8,0.819723,,0.819723,0.816877,0.818373,529.6511,527.8084,528.775798,495.536875,496.522047,496.003063
558,20000,8,0.819723,,0.819723,0.816877,0.818479,529.6511,527.8084,528.84078,495.536875,496.522047,495.964135
559,20000,8,0.819723,,0.819723,0.817235,0.818621,529.6511,527.9094,528.93104,495.536875,496.310736,495.914287
560,20000,8,0.819723,,0.819723,0.817235,0.818733,529.6511,527.9094,529.014632,495.536875,496.310736,495.882386
561,20000,8,0.819723,,0.819723,0.817894,0.81885,529.6511,528.3162,529.090342,495.536875,496.091904,495.842159
562,20000,8,0.819723,,0.819723,0.817894,0.81897,529.6511,528.3162,529.173145,495.536875,496.078852,495.8043
563,20000,8,0.819723,,0.819723,0.818165,0.819081,529.6511,528.6469,529.249482,495.536875,496.078852,495.768768
564,20000,8,0.819723,,0.819723,0.818165,0.819215,529.6511,528.6469,529.337385,495.536875,496.078852,495.722611
565,20000,8,0.819723,,0.819723,0.818396,0.819316,529.6511,528.6469,529.403502,495.536875,496.028336,495.688703
566,20000,8,0.819947,,0.819947,0.818396,0.819424,529.8921,528.6469,529.472569,495.523671,496.028336,495.650117
567,20000,8,0.819947,,0.819947,0.818437,0.819533,529.8921,528.8879,529.541499,495.523671,496.028336,495.611512
568,20000,8,0.819947,,0.819947,0.818613,0.819583,529.8921,528.8879,529.573708,495.523671,495.979541,495.59428
569,20000,8,0.819947,,0.819947,0.818613,0.819618,529.8921,528.8879,529.596846,495.523671,495.979541,495.582685
570,20000,8,0.819947,,0.819947,0.818613,0.819647,529.8921,528.8879,529.618473,495.523671,495.979541,495.573928
571,20000,8,0.819947,,0.819947,0.818613,0.819657,529.8921,528.8879,529.628251,495.523671,495.979541,495.572692
572,20000,8,0.819947,,0.819947,0.81862,0.819697,529.8921,528.8879,529.655638,495.523671,495.979541,495.560255
573,20000,8,0.819947,,0.819947,0.818661,0.81973,529.8921,529.0751,529.68108,495.523671,495.979541,495.551678
574,20000,8,0.819947,,0.819947,0.818661,0.819745,529.8921,529.0751,529.69795,495.523671,495.979541,495.550754
575,20000,8,0.819947,,0.819947,0.818661,0.819761,529.8921,529.0751,529.70853,495.523671,495.979541,495.546063
576,20000,8,0.819947,,0.819947,0.818661,0.819776,529.8921,529.0751,529.7254,495.523671,495.979541,495.545138
577,20000,8,0.819947,,0.819947,0.819723,0.819806,529.8921,529.6511,529.74656,495.523671,495.536875,495.535757
578,20000,8,0.819947,,0.819947,0.819723,0.819831,529.8921,529.6511,529.76678,495.523671,495.536875,495.530538
579,20000,8,0.819947,,0.819947,0.819723,0.819839,529.8921,529.6511,529.77642,495.523671,495.536875,495.530009
580,20000,8,0.820021,,0.820021,0.819723,0.819845,529.8921,529.6511,529.78124,495.465906,495.536875,495.529168
581,20000,8,0.820021,,0.820021,0.819723,0.819856,529.8921,529.6511,529.79329,495.465906,495.536875,495.528507
582,20000,8,0.820021,,0.820021,0.819723,0.819869,529.8921,529.6511,529.80534,495.465906,495.536875,495.526692
583,20000,8,0.820021,,0.820021,0.819723,0.81988,529.8921,529.6511,529.81739,495.465906,495.536875,495.526032
584,20000,8,0.820021,,0.820021,0.819723,0.819892,529.8921,529.6511,529.82944,495.465906,495.536875,495.524794
585,20000,8,0.820021,,0.820021,0.819723,0.819905,529.8921,529.6511,529.84149,495.465906,495.536875,495.522401
586,20000,8,0.820021,,0.820021,0.819723,0.819915,529.8921,529.6511,529.84872,495.465906,495.536875,495.519694
587,20000,8,0.820021,,0.820021,0.819723,0.819924,529.8921,529.6511,529.85595,495.465906,495.536875,495.517565
588,20000,8,0.820021,,0.820021,0.819723,0.819934,529.8921,529.6511,529.86559,495.465906,495.536875,495.515881
589,20000,8,0.820021,,0.820021,0.819723,0.819942,529.8921,529.6511,529.87041,495.465906,495.536875,495.513307
590,20000,8,0.820021,,0.820021,0.819723,0.819948,529.8921,529.6511,529.87282,495.465906,495.536875,495.510286
591,20000,8,0.820021,,0.820021,0.819723,0.819954,529.8921,529.6511,529.87523,495.465906,495.536875,495.506688
592,20000,8,0.820021,,0.820021,0.819723,0.819962,529.8921,529.6511,529.88005,495.465906,495.536875,495.504114
593,20000,8,0.820021,,0.820021,0.819723,0.819969,529.8921,529.6511,529.88487,495.465906,495.536875,495.501539
594,20000,8,0.820021,,0.820021,0.819723,0.819972,529.8921,529.6511,529.88487,495.465906,495.536875,495.499228
