gen,seed,threads,best_global,picos,fit_best,fit_worst,fit_mean
0,42500,8,1816.0,8,1816.0,1716.0,1770.0
1,42500,8,1837.0,0,1837.0,1742.0,1783.0
2,42500,8,1837.0,0,1837.0,1758.0,1792.0
3,42500,8,1840.0,0,1840.0,1761.0,1799.0
4,42500,8,1840.0,0,1840.0,1776.0,1805.0
5,42500,8,1850.0,0,1850.0,1776.0,1811.0
6,42500,8,1851.0,0,1851.0,1776.0,1815.0
7,42500,8,1851.0,0,1851.0,1794.0,1820.0
8,42500,8,1851.0,0,1851.0,1804.0,1825.0
9,42500,8,1860.0,0,1860.0,1811.0,1831.0
10,42500,8,1865.0,0,1865.0,1813.0,1835.0
11,42500,8,1865.0,0,1865.0,1814.0,1840.0
12,42500,8,1878.0,0,1878.0,1816.0,1844.0
13,42500,8,1892.0,0,1892.0,1816.0,1850.0
14,42500,8,1895.0,0,1895.0,1823.0,1857.0
15,42500,8,1898.0,0,1898.0,1824.0,1864.0
16,42500,8,1914.0,0,1914.0,1824.0,1869.0
17,42500,8,1914.0,0,1914.0,1831.0,1875.0
18,42500,8,1923.0,0,1923.0,1838.0,1879.0
19,42500,8,1923.0,0,1923.0,1845.0,1885.0
20,42500,8,1936.0,0,1936.0,1861.0,1890.0
21,42500,8,1936.0,0,1936.0,1866.0,1895.0
22,42500,8,1936.0,0,1936.0,1870.0,1899.0
23,42500,8,1936.0,0,1936.0,1872.0,1904.0
24,42500,8,1946.0,0,1946.0,1881.0,1908.0
25,42500,8,1947.0,0,1947.0,1881.0,1911.0
26,42500,8,1947.0,0,1947.0,1881.0,1915.0
27,42500,8,1947.0,0,1947.0,1893.0,1919.0
28,42500,8,1953.0,0,1953.0,1895.0,1923.0
29,42500,8,1953.0,0,1953.0,1896.0,1926.0
30,42500,8,1953.0,0,1953.0,1898.0,1930.0
31,42500,8,1953.0,0,1953.0,1901.0,1934.0
32,42500,8,1954.0,0,1954.0,1905.0,1938.0
33,42500,8,1956.0,0,1956.0,1910.0,1941.0
34,42500,8,1964.0,0,1964.0,1913.0,1944.0
35,42500,8,1964.0,0,1964.0,1924.0,1947.0
36,42500,8,1964.0,0,1964.0,1930.0,1949.0
37,42500,8,1964.0,0,1964.0,1930.0,1951.0
38,42500,8,1966.0,0,1966.0,1934.0,1954.0
39,42500,8,1966.0,0,1966.0,1936.0,1956.0
40,42500,8,1967.0,0,1967.0,1936.0,1958.0
41,42500,8,1971.0,0,1971.0,1936.0,1960.0
42,42500,8,1972.0,0,1972.0,1952.0,1961.0
43,42500,8,1976.0,0,1976.0,1952.0,1963.0
44,42500,8,1976.0,0,1976.0,1952.0,1965.0
45,42500,8,1979.0,0,1979.0,1958.0,1966.0
46,42500,8,1979.0,0,1979.0,1958.0,1968.0
47,42500,8,1981.0,0,1981.0,1961.0,1970.0
48,42500,8,1988.0,0,1988.0,1962.0,1972.0
49,42500,8,1988.0,0,1988.0,1963.0,1974.0
50,42500,8,1995.0,0,1995.0,1963.0,1975.0
51,42500,8,1995.0,0,1995.0,1963.0,1977.0
52,42500,8,1996.0,0,1996.0,1964.0,1979.0
53,42500,8,1999.0,0,1999.0,1964.0,1981.0
54,42500,8,1999.0,0,1999.0,1969.0,1983.0
55,42500,8,1999.0,0,1999.0,1969.0,1985.0
56,42500,8,2001.0,0,2001.0,1975.0,1987.0
57,42500,8,2005.0,0,2005.0,1975.0,1989.0
58,42500,8,2005.0,0,2005.0,1975.0,1991.0
59,42500,8,2007.0,0,2007.0,1978.0,1993.0
60,42500,8,2007.0,0,2007.0,1978.0,1995.0
61,42500,8,2007.0,0,2007.0,1981.0,1997.0
62,42500,8,2007.0,0,2007.0,1983.0,1999.0
63,42500,8,2008.0,0,2008.0,1983.0,2000.0
64,42500,8,2012.0,0,2012.0,1984.0,2002.0
65,42500,8,2012.0,0,2012.0,1987.0,2003.0
66,42500,8,2012.0,0,2012.0,1987.0,2005.0
67,42500,8,2013.0,0,2013.0,1993.0,2006.0
68,42500,8,2013.0,0,2013.0,1993.0,2007.0
69,42500,8,2013.0,0,2013.0,2003.0,2008.0
70,42500,8,2013.0,0,2013.0,2006.0,2009.0
71,42500,8,2018.0,0,2018.0,2006.0,2010.0
72,42500,8,2018.0,0,2018.0,2007.0,2011.0
73,42500,8,2022.0,0,2022.0,2008.0,2012.0
74,42500,8,2022.0,0,2022.0,2009.0,2013.0
75,42500,8,2022.0,0,2022.0,2010.0,2014.0
76,42500,8,2022.0,0,2022.0,2011.0,2015.0
77,42500,8,2023.0,0,2023.0,2011.0,2016.0
78,42500,8,2023.0,0,2023.0,2012.0,2017.0
79,42500,8,2023.0,0,2023.0,2012.0,2018.0
80,42500,8,2024.0,0,2024.0,2014.0,2018.0
81,42500,8,2024.0,0,2024.0,2016.0,2019.0
82,42500,8,2024.0,0,2024.0,2016.0,2020.0
83,42500,8,2025.0,0,2025.0,2017.0,2020.0
84,42500,8,2026.0,0,2026.0,2018.0,2021.0
85,42500,8,2026.0,0,2026.0,2019.0,2022.0
86,42500,8,2027.0,0,2027.0,2019.0,2022.0
87,42500,8,2028.0,0,2028.0,2019.0,2023.0
88,42500,8,2028.0,0,2028.0,2020.0,2024.0
89,42500,8,2029.0,0,2029.0,2021.0,2024.0
90,42500,8,2029.0,0,2029.0,2021.0,2025.0
91,42500,8,2030.0,0,2030.0,2021.0,2025.0
92,42500,8,2032.0,0,2032.0,2023.0,2026.0
93,42500,8,2032.0,0,2032.0,2024.0,2026.0
94,42500,8,2032.0,0,2032.0,2024.0,2027.0
95,42500,8,2032.0,0,2032.0,2024.0,2028.0
96,42500,8,2033.0,0,2033.0,2025.0,2028.0
97,42500,8,2033.0,0,2033.0,2026.0,2029.0
98,42500,8,2034.0,0,2034.0,2026.0,2029.0
99,42500,8,2034.0,0,2034.0,2026.0,2030.0
100,42500,8,2035.0,0,2035.0,2027.0,2031.0
101,42500,8,2035.0,0,2035.0,2027.0,2031.0
102,42500,8,2037.0,0,2037.0,2029.0,2032.0
103,42500,8,2037.0,0,2037.0,2030.0,2032.0
104,42500,8,2037.0,0,2037.0,2030.0,2033.0
105,42500,8,2038.0,0,2038.0,2030.0,2034.0
106,42500,8,2038.0,0,2038.0,2030.0,2034.0
107,42500,8,2038.0,0,2038.0,2031.0,2035.0
108,42500,8,2038.0,0,2038.0,2032.0,2035.0
109,42500,8,2039.0,0,2039.0,2032.0,2036.0
110,42500,8,2041.0,0,2041.0,2032.0,2036.0
111,42500,8,2042.0,0,2042.0,2033.0,2037.0
112,42500,8,2042.0,0,2042.0,2034.0,2037.0
113,42500,8,2042.0,0,2042.0,2035.0,2037.0
114,42500,8,2042.0,0,2042.0,2036.0,2038.0
115,42500,8,2042.0,0,2042.0,2036.0,2038.0
116,42500,8,2042.0,0,2042.0,2037.0,2039.0
117,42500,8,2043.0,0,2043.0,2038.0,2039.0
118,42500,8,2043.0,0,2043.0,2038.0,2040.0
119,42500,8,2045.0,0,2045.0,2039.0,2040.0
120,42500,8,2045.0,0,2045.0,2039.0,2041.0
121,42500,8,2046.0,0,2046.0,2039.0,2041.0
122,42500,8,2046.0,0,2046.0,2040.0,2041.0
123,42500,8,2046.0,0,2046.0,2040.0,2042.0
124,42500,8,2046.0,0,2046.0,2040.0,2042.0
125,42500,8,2046.0,0,2046.0,2040.0,2043.0
126,42500,8,2046.0,0,2046.0,2041.0,2043.0
127,42500,8,2047.0,0,2047.0,2041.0,2043.0
128,42500,8,2047.0,0,2047.0,2041.0,2044.0
129,42500,8,2048.0,0,2048.0,2042.0,2044.0
130,42500,8,2049.0,0,2049.0,2042.0,2045.0
131,42500,8,2049.0,0,2049.0,2042.0,2046.0
132,42500,8,2049.0,0,2049.0,2043.0,2046.0
133,42500,8,2050.0,0,2050.0,2044.0,2046.0
134,42500,8,2051.0,0,2051.0,2045.0,2047.0
135,42500,8,2051.0,0,2051.0,2045.0,2048.0
136,42500,8,2052.0,0,2052.0,2046.0,2048.0
137,42500,8,2052.0,0,2052.0,2046.0,2049.0
138,42500,8,2054.0,0,2054.0,2047.0,2050.0
139,42500,8,2055.0,0,2055.0,2047.0,2050.0
140,42500,8,2055.0,0,2055.0,2048.0,2051.0
141,42500,8,2055.0,0,2055.0,2048.0,2052.0
142,42500,8,2056.0,0,2056.0,2049.0,2052.0
143,42500,8,2056.0,0,2056.0,2050.0,2052.0
144,42500,8,2056.0,0,2056.0,2051.0,2053.0
145,42500,8,2057.0,0,2057.0,2051.0,2053.0
146,42500,8,2058.0,0,2058.0,2052.0,2054.0
147,42500,8,2058.0,0,2058.0,2052.0,2054.0
148,42500,8,2058.0,0,2058.0,2052.0,2055.0
149,42500,8,2059.0,0,2059.0,2053.0,2055.0
150,42500,8,2060.0,0,2060.0,2054.0,2056.0
151,42500,8,2060.0,0,2060.0,2054.0,2056.0
152,42500,8,2060.0,0,2060.0,2054.0,2057.0
153,42500,8,2062.0,0,2062.0,2054.0,2057.0
154,42500,8,2062.0,0,2062.0,2054.0,2057.0
155,42500,8,2062.0,0,2062.0,2056.0,2058.0
156,42500,8,2063.0,0,2063.0,2056.0,2059.0
157,42500,8,2063.0,0,2063.0,2056.0,2059.0
158,42500,8,2064.0,0,2064.0,2057.0,2060.0
159,42500,8,2064.0,0,2064.0,2057.0,2060.0
160,42500,8,2064.0,0,2064.0,2058.0,2061.0
161,42500,8,2064.0,0,2064.0,2058.0,2061.0
162,42500,8,2066.0,0,2066.0,2058.0,2062.0
163,42500,8,2066.0,0,2066.0,2059.0,2062.0
164,42500,8,2066.0,0,2066.0,2060.0,2063.0
165,42500,8,2066.0,0,2066.0,2060.0,2063.0
166,42500,8,2067.0,0,2067.0,2061.0,2064.0
167,42500,8,2067.0,0,2067.0,2062.0,2064.0
168,42500,8,2068.0,0,2068.0,2062.0,2065.0
169,42500,8,2068.0,0,2068.0,2062.0,2065.0
170,42500,8,2068.0,0,2068.0,2063.0,2066.0
171,42500,8,2070.0,0,2070.0,2064.0,2066.0
172,42500,8,2071.0,0,2071.0,2064.0,2066.0
173,42500,8,2071.0,0,2071.0,2064.0,2067.0
174,42500,8,2071.0,0,2071.0,2064.0,2067.0
175,42500,8,2071.0,0,2071.0,2064.0,2068.0
176,42500,8,2071.0,0,2071.0,2065.0,2068.0
177,42500,8,2073.0,0,2073.0,2065.0,2069.0
178,42500,8,2074.0,0,2074.0,2065.0,2069.0
179,42500,8,2074.0,0,2074.0,2067.0,2070.0
180,42500,8,2074.0,0,2074.0,2068.0,2070.0
181,42500,8,2074.0,0,2074.0,2068.0,2071.0
182,42500,8,2075.0,0,2075.0,2069.0,2071.0
183,42500,8,2075.0,0,2075.0,2069.0,2072.0
184,42500,8,2075.0,0,2075.0,2069.0,2072.0
185,42500,8,2076.0,0,2076.0,2069.0,2073.0
186,42500,8,2076.0,0,2076.0,2070.0,2073.0
187,42500,8,2078.0,0,2078.0,2071.0,2073.0
188,42500,8,2078.0,0,2078.0,2072.0,2074.0
189,42500,8,2078.0,0,2078.0,2072.0,2074.0
190,42500,8,2079.0,0,2079.0,2073.0,2074.0
191,42500,8,2079.0,0,2079.0,2073.0,2075.0
192,42500,8,2080.0,0,2080.0,2074.0,2075.0
193,42500,8,2080.0,0,2080.0,2074.0,2076.0
194,42500,8,2081.0,0,2081.0,2074.0,2077.0
195,42500,8,2081.0,0,2081.0,2075.0,2077.0
196,42500,8,2081.0,0,2081.0,2075.0,2078.0
197,42500,8,2082.0,0,2082.0,2075.0,2078.0
198,42500,8,2082.0,0,2082.0,2076.0,2079.0
199,42500,8,2083.0,0,2083.0,2076.0,2079.0
200,42500,8,2083.0,0,2083.0,2077.0,2080.0
201,42500,8,2083.0,0,2083.0,2077.0,2080.0
202,42500,8,2085.0,0,2085.0,2078.0,2081.0
203,42500,8,2086.0,0,2086.0,2079.0,2081.0
204,42500,8,2086.0,0,2086.0,2079.0,2082.0
205,42500,8,2088.0,0,2088.0,2080.0,2083.0
206,42500,8,2088.0,0,2088.0,2081.0,2083.0
207,42500,8,2088.0,0,2088.0,2081.0,2083.0
208,42500,8,2088.0,0,2088.0,2082.0,2084.0
209,42500,8,2088.0,0,2088.0,2082.0,2085.0
210,42500,8,2089.0,0,2089.0,2082.0,2085.0
211,42500,8,2089.0,0,2089.0,2083.0,2086.0
212,42500,8,2089.0,0,2089.0,2083.0,2086.0
213,42500,8,2089.0,0,2089.0,2083.0,2087.0
214,42500,8,2090.0,0,2090.0,2083.0,2087.0
215,42500,8,2090.0,0,2090.0,2084.0,2088.0
216,42500,8,2091.0,0,2091.0,2085.0,2088.0
217,42500,8,2092.0,0,2092.0,2087.0,2089.0
218,42500,8,2092.0,0,2092.0,2087.0,2089.0
219,42500,8,2092.0,0,2092.0,2088.0,2089.0
220,42500,8,2092.0,0,2092.0,2088.0,2090.0
221,42500,8,2093.0,0,2093.0,2088.0,2090.0
222,42500,8,2093.0,0,2093.0,2089.0,2091.0
223,42500,8,2094.0,0,2094.0,2089.0,2091.0
224,42500,8,2094.0,0,2094.0,2090.0,2091.0
225,42500,8,2094.0,0,2094.0,2090.0,2092.0
226,42500,8,2094.0,0,2094.0,2090.0,2092.0
227,42500,8,2095.0,0,2095.0,2091.0,2092.0
228,42500,8,2095.0,0,2095.0,2092.0,2093.0
229,42500,8,2098.0,0,2098.0,2092.0,2093.0
230,42500,8,2098.0,0,2098.0,2092.0,2094.0
231,42500,8,2098.0,0,2098.0,2092.0,2094.0
232,42500,8,2098.0,0,2098.0,2093.0,2094.0
233,42500,8,2098.0,0,2098.0,2093.0,2095.0
234,42500,8,2098.0,0,2098.0,2093.0,2095.0
235,42500,8,2098.0,0,2098.0,2094.0,2096.0
236,42500,8,2100.0,0,2100.0,2094.0,2096.0
237,42500,8,2100.0,0,2100.0,2094.0,2097.0
238,42500,8,2100.0,0,2100.0,2095.0,2097.0
239,42500,8,2101.0,0,2101.0,2096.0,2097.0
240,42500,8,2101.0,0,2101.0,2096.0,2098.0
241,42500,8,2101.0,0,2101.0,2096.0,2098.0
242,42500,8,2102.0,0,2102.0,2096.0,2098.0
243,42500,8,2103.0,0,2103.0,2096.0,2099.0
244,42500,8,2103.0,0,2103.0,2096.0,2099.0
245,42500,8,2103.0,0,2103.0,2097.0,2100.0
246,42500,8,2104.0,0,2104.0,2097.0,2100.0
247,42500,8,2104.0,0,2104.0,2099.0,2101.0
248,42500,8,2104.0,0,2104.0,2100.0,2102.0
249,42500,8,2105.0,0,2105.0,2100.0,2102.0
250,42500,8,2108.0,0,2108.0,2101.0,2103.0
251,42500,8,2109.0,0,2109.0,2102.0,2103.0
252,42500,8,2111.0,0,2111.0,2102.0,2104.0
253,42500,8,2111.0,0,2111.0,2103.0,2104.0
254,42500,8,2111.0,0,2111.0,2103.0,2105.0
255,42500,8,2112.0,0,2112.0,2103.0,2106.0
256,42500,8,2112.0,0,2112.0,2103.0,2106.0
257,42500,8,2112.0,0,2112.0,2104.0,2107.0
258,42500,8,2112.0,0,2112.0,2105.0,2107.0
259,42500,8,2113.0,0,2113.0,2105.0,2108.0
260,42500,8,2113.0,0,2113.0,2105.0,2108.0
261,42500,8,2113.0,0,2113.0,2106.0,2109.0
262,42500,8,2113.0,0,2113.0,2107.0,2110.0
263,42500,8,2114.0,0,2114.0,2108.0,2110.0
264,42500,8,2114.0,0,2114.0,2108.0,2111.0
265,42500,8,2115.0,0,2115.0,2108.0,2111.0
266,42500,8,2115.0,0,2115.0,2108.0,2112.0
267,42500,8,2115.0,0,2115.0,2110.0,2112.0
268,42500,8,2117.0,0,2117.0,2110.0,2113.0
269,42500,8,2117.0,0,2117.0,2110.0,2113.0
270,42500,8,2118.0,0,2118.0,2111.0,2114.0
271,42500,8,2118.0,0,2118.0,2111.0,2114.0
272,42500,8,2119.0,0,2119.0,2112.0,2115.0
273,42500,8,2119.0,0,2119.0,2112.0,2115.0
274,42500,8,2122.0,0,2122.0,2112.0,2116.0
275,42500,8,2122.0,0,2122.0,2112.0,2116.0
276,42500,8,2122.0,0,2122.0,2114.0,2117.0
277,42500,8,2122.0,0,2122.0,2114.0,2118.0
278,42500,8,2123.0,0,2123.0,2115.0,2118.0
279,42500,8,2123.0,0,2123.0,2116.0,2119.0
280,42500,8,2124.0,0,2124.0,2116.0,2119.0
281,42500,8,2124.0,0,2124.0,2117.0,2120.0
282,42500,8,2125.0,0,2125.0,2117.0,2120.0
283,42500,8,2125.0,0,2125.0,2117.0,2121.0
284,42500,8,2125.0,0,2125.0,2118.0,2121.0
285,42500,8,2126.0,0,2126.0,2119.0,2122.0
286,42500,8,2126.0,0,2126.0,2120.0,2122.0
287,42500,8,2126.0,0,2126.0,2120.0,2123.0
288,42500,8,2127.0,0,2127.0,2121.0,2123.0
289,42500,8,2127.0,0,2127.0,2121.0,2124.0
290,42500,8,2128.0,0,2128.0,2121.0,2124.0
291,42500,8,2128.0,0,2128.0,2122.0,2125.0
292,42500,8,2128.0,0,2128.0,2122.0,2125.0
293,42500,8,2130.0,0,2130.0,2122.0,2126.0
294,42500,8,2130.0,0,2130.0,2123.0,2126.0
295,42500,8,2131.0,0,2131.0,2123.0,2127.0
296,42500,8,2131.0,0,2131.0,2125.0,2128.0
297,42500,8,2131.0,0,2131.0,2125.0,2128.0
298,42500,8,2132.0,0,2132.0,2125.0,2128.0
299,42500,8,2132.0,0,2132.0,2127.0,2129.0
300,42500,8,2133.0,0,2133.0,2127.0,2129.0
301,42500,8,2133.0,0,2133.0,2128.0,2130.0
302,42500,8,2135.0,0,2135.0,2128.0,2130.0
303,42500,8,2135.0,0,2135.0,2129.0,2131.0
304,42500,8,2135.0,0,2135.0,2129.0,2131.0
305,42500,8,2136.0,0,2136.0,2129.0,2132.0
306,42500,8,2137.0,0,2137.0,2130.0,2132.0
307,42500,8,2137.0,0,2137.0,2130.0,2133.0
308,42500,8,2137.0,0,2137.0,2131.0,2133.0
309,42500,8,2139.0,0,2139.0,2131.0,2133.0
310,42500,8,2139.0,0,2139.0,2132.0,2134.0
311,42500,8,2140.0,0,2140.0,2132.0,2134.0
312,42500,8,2140.0,0,2140.0,2132.0,2135.0
313,42500,8,2140.0,0,2140.0,2133.0,2135.0
314,42500,8,2141.0,0,2141.0,2133.0,2136.0
315,42500,8,2142.0,0,2142.0,2133.0,2136.0
316,42500,8,2142.0,0,2142.0,2134.0,2137.0
317,42500,8,2143.0,0,2143.0,2135.0,2137.0
318,42500,8,2143.0,0,2143.0,2135.0,2138.0
319,42500,8,2143.0,0,2143.0,2135.0,2138.0
320,42500,8,2144.0,0,2144.0,2135.0,2139.0
321,42500,8,2144.0,0,2144.0,2136.0,2139.0
322,42500,8,2145.0,0,2145.0,2137.0,2140.0
323,42500,8,2145.0,0,2145.0,2137.0,2140.0
324,42500,8,2145.0,0,2145.0,2137.0,2141.0
325,42500,8,2146.0,0,2146.0,2137.0,2142.0
326,42500,8,2146.0,0,2146.0,2139.0,2142.0
327,42500,8,2147.0,0,2147.0,2139.0,2143.0
328,42500,8,2148.0,0,2148.0,2139.0,2143.0
329,42500,8,2149.0,0,2149.0,2140.0,2144.0
330,42500,8,2149.0,0,2149.0,2141.0,2144.0
331,42500,8,2150.0,0,2150.0,2142.0,2145.0
332,42500,8,2150.0,0,2150.0,2142.0,2145.0
333,42500,8,2151.0,0,2151.0,2142.0,2146.0
334,42500,8,2151.0,0,2151.0,2143.0,2146.0
335,42500,8,2151.0,0,2151.0,2143.0,2147.0
336,42500,8,2151.0,0,2151.0,2143.0,2147.0
337,42500,8,2152.0,0,2152.0,2143.0,2148.0
338,42500,8,2152.0,0,2152.0,2144.0,2149.0
339,42500,8,2152.0,0,2152.0,2147.0,2149.0
340,42500,8,2153.0,0,2153.0,2148.0,2150.0
341,42500,8,2153.0,0,2153.0,2148.0,2150.0
342,42500,8,2154.0,0,2154.0,2149.0,2151.0
343,42500,8,2155.0,0,2155.0,2149.0,2151.0
344,42500,8,2155.0,0,2155.0,2149.0,2152.0
345,42500,8,2155.0,0,2155.0,2150.0,2152.0
346,42500,8,2155.0,0,2155.0,2151.0,2152.0
347,42500,8,2156.0,0,2156.0,2151.0,2153.0
348,42500,8,2156.0,0,2156.0,2151.0,2153.0
349,42500,8,2156.0,0,2156.0,2152.0,2154.0
350,42500,8,2158.0,0,2158.0,2152.0,2154.0
351,42500,8,2158.0,0,2158.0,2152.0,2154.0
352,42500,8,2158.0,0,2158.0,2153.0,2155.0
353,42500,8,2159.0,0,2159.0,2153.0,2155.0
354,42500,8,2159.0,0,2159.0,2154.0,2156.0
355,42500,8,2159.0,0,2159.0,2155.0,2156.0
356,42500,8,2160.0,0,2160.0,2155.0,2157.0
357,42500,8,2160.0,0,2160.0,2155.0,2157.0
358,42500,8,2161.0,0,2161.0,2156.0,2158.0
359,42500,8,2161.0,0,2161.0,2157.0,2158.0
360,42500,8,2162.0,0,2162.0,2157.0,2159.0
361,42500,8,2163.0,0,2163.0,2157.0,2159.0
362,42500,8,2163.0,0,2163.0,2157.0,2160.0
363,42500,8,2164.0,0,2164.0,2158.0,2160.0
364,42500,8,2164.0,0,2164.0,2158.0,2161.0
365,42500,8,2165.0,0,2165.0,2159.0,2161.0
366,42500,8,2165.0,0,2165.0,2159.0,2162.0
367,42500,8,2165.0,0,2165.0,2159.0,2162.0
368,42500,8,2166.0,0,2166.0,2159.0,2162.0
369,42500,8,2167.0,0,2167.0,2161.0,2163.0
370,42500,8,2168.0,0,2168.0,2161.0,2163.0
371,42500,8,2168.0,0,2168.0,2161.0,2164.0
372,42500,8,2168.0,0,2168.0,2161.0,2164.0
373,42500,8,2169.0,0,2169.0,2163.0,2165.0
374,42500,8,2169.0,0,2169.0,2163.0,2165.0
375,42500,8,2170.0,0,2170.0,2164.0,2166.0
376,42500,8,2170.0,0,2170.0,2165.0,2167.0
377,42500,8,2171.0,0,2171.0,2165.0,2167.0
378,42500,8,2171.0,0,2171.0,2166.0,2168.0
379,42500,8,2173.0,0,2173.0,2167.0,2168.0
380,42500,8,2173.0,0,2173.0,2167.0,2169.0
381,42500,8,2173.0,0,2173.0,2167.0,2169.0
382,42500,8,2174.0,0,2174.0,2167.0,2170.0
383,42500,8,2174.0,0,2174.0,2168.0,2170.0
384,42500,8,2174.0,0,2174.0,2169.0,2171.0
385,42500,8,2174.0,0,2174.0,2169.0,2171.0
386,42500,8,2175.0,0,2175.0,2170.0,2171.0
387,42500,8,2175.0,0,2175.0,2170.0,2172.0
388,42500,8,2176.0,0,2176.0,2170.0,2172.0
389,42500,8,2176.0,0,2176.0,2170.0,2173.0
390,42500,8,2176.0,0,2176.0,2171.0,2173.0
391,42500,8,2177.0,0,2177.0,2171.0,2174.0
392,42500,8,2177.0,0,2177.0,2172.0,2174.0
393,42500,8,2179.0,0,2179.0,2172.0,2175.0
394,42500,8,2179.0,0,2179.0,2173.0,2175.0
395,42500,8,2179.0,0,2179.0,2173.0,2176.0
396,42500,8,2179.0,0,2179.0,2174.0,2176.0
397,42500,8,2181.0,0,2181.0,2175.0,2177.0
398,42500,8,2181.0,0,2181.0,2175.0,2177.0
399,42500,8,2181.0,0,2181.0,2175.0,2178.0
400,42500,8,2181.0,0,2181.0,2176.0,2178.0
401,42500,8,2183.0,0,2183.0,2177.0,2179.0
402,42500,8,2183.0,0,2183.0,2177.0,2179.0
403,42500,8,2183.0,0,2183.0,2177.0,2180.0
404,42500,8,2185.0,0,2185.0,2177.0,2180.0
405,42500,8,2185.0,0,2185.0,2178.0,2180.0
406,42500,8,2185.0,0,2185.0,2179.0,2181.0
407,42500,8,2185.0,0,2185.0,2179.0,2181.0
408,42500,8,2186.0,0,2186.0,2179.0,2181.0
409,42500,8,2186.0,0,2186.0,2180.0,2182.0
410,42500,8,2187.0,0,2187.0,2180.0,2183.0
411,42500,8,2187.0,0,2187.0,2181.0,2183.0
412,42500,8,2187.0,0,2187.0,2181.0,2184.0
413,42500,8,2188.0,0,2188.0,2182.0,2184.0
414,42500,8,2188.0,0,2188.0,2182.0,2185.0
415,42500,8,2188.0,0,2188.0,2182.0,2185.0
416,42500,8,2189.0,0,2189.0,2182.0,2185.0
417,42500,8,2189.0,0,2189.0,2183.0,2186.0
418,42500,8,2191.0,0,2191.0,2183.0,2186.0
419,42500,8,2191.0,0,2191.0,2183.0,2187.0
420,42500,8,2191.0,0,2191.0,2184.0,2187.0
421,42500,8,2191.0,0,2191.0,2185.0,2188.0
422,42500,8,2193.0,0,2193.0,2185.0,2188.0
423,42500,8,2193.0,0,2193.0,2186.0,2188.0
424,42500,8,2194.0,0,2194.0,2186.0,2189.0
425,42500,8,2195.0,0,2195.0,2187.0,2189.0
426,42500,8,2195.0,0,2195.0,2187.0,2190.0
427,42500,8,2195.0,0,2195.0,2187.0,2190.0
428,42500,8,2196.0,0,2196.0,2188.0,2191.0
429,42500,8,2196.0,0,2196.0,2188.0,2192.0
430,42500,8,2197.0,0,2197.0,2189.0,2192.0
431,42500,8,2197.0,0,2197.0,2189.0,2193.0
432,42500,8,2199.0,0,2199.0,2190.0,2193.0
433,42500,8,2199.0,0,2199.0,2190.0,2194.0
434,42500,8,2199.0,0,2199.0,2191.0,2194.0
435,42500,8,2199.0,0,2199.0,2192.0,2195.0
436,42500,8,2199.0,0,2199.0,2194.0,2196.0
437,42500,8,2199.0,0,2199.0,2194.0,2196.0
438,42500,8,2200.0,0,2200.0,2195.0,2197.0
439,42500,8,2200.0,0,2200.0,2195.0,2197.0
440,42500,8,2201.0,0,2201.0,2195.0,2198.0
441,42500,8,2203.0,0,2203.0,2196.0,2198.0
442,42500,8,2203.0,0,2203.0,2197.0,2198.0
443,42500,8,2203.0,0,2203.0,2197.0,2199.0
444,42500,8,2203.0,0,2203.0,2198.0,2199.0
445,42500,8,2203.0,0,2203.0,2198.0,2200.0
446,42500,8,2203.0,0,2203.0,2198.0,2200.0
447,42500,8,2203.0,0,2203.0,2198.0,2200.0
448,42500,8,2204.0,0,2204.0,2199.0,2201.0
449,42500,8,2204.0,0,2204.0,2200.0,2201.0
450,42500,8,2204.0,0,2204.0,2200.0,2201.0
451,42500,8,2204.0,0,2204.0,2200.0,2202.0
452,42500,8,2205.0,0,2205.0,2201.0,2202.0
453,42500,8,2205.0,0,2205.0,2201.0,2202.0
454,42500,8,2205.0,0,2205.0,2201.0,2203.0
455,42500,8,2206.0,0,2206.0,2202.0,2203.0
456,42500,8,2206.0,0,2206.0,2202.0,2203.0
457,42500,8,2206.0,0,2206.0,2202.0,2204.0
458,42500,8,2207.0,0,2207.0,2202.0,2204.0
459,42500,8,2208.0,0,2208.0,2202.0,2204.0
460,42500,8,2208.0,0,2208.0,2202.0,2205.0
461,42500,8,2209.0,0,2209.0,2202.0,2205.0
462,42500,8,2209.0,0,2209.0,2202.0,2206.0
463,42500,8,2210.0,0,2210.0,2204.0,2206.0
464,42500,8,2210.0,0,2210.0,2204.0,2207.0
465,42500,8,2210.0,0,2210.0,2205.0,2207.0
466,42500,8,2210.0,0,2210.0,2206.0,2207.0
467,42500,8,2212.0,0,2212.0,2206.0,2208.0
468,42500,8,2212.0,0,2212.0,2206.0,2208.0
469,42500,8,2212.0,0,2212.0,2207.0,2208.0
470,42500,8,2212.0,0,2212.0,2207.0,2209.0
471,42500,8,2214.0,0,2214.0,2208.0,2210.0
472,42500,8,2214.0,0,2214.0,2208.0,2210.0
473,42500,8,2214.0,0,2214.0,2208.0,2211.0
474,42500,8,2214.0,0,2214.0,2208.0,2211.0
475,42500,8,2215.0,0,2215.0,2210.0,2212.0
476,42500,8,2216.0,0,2216.0,2210.0,2212.0
477,42500,8,2216.0,0,2216.0,2211.0,2213.0
478,42500,8,2217.0,0,2217.0,2211.0,2213.0
479,42500,8,2218.0,0,2218.0,2212.0,2214.0
480,42500,8,2219.0,0,2219.0,2212.0,2214.0
481,42500,8,2219.0,0,2219.0,2212.0,2215.0
482,42500,8,2219.0,0,2219.0,2212.0,2215.0
483,42500,8,2219.0,0,2219.0,2213.0,2216.0
484,42500,8,2220.0,0,2220.0,2214.0,2216.0
485,42500,8,2220.0,0,2220.0,2214.0,2217.0
486,42500,8,2220.0,0,2220.0,2214.0,2217.0
487,42500,8,2221.0,0,2221.0,2215.0,2218.0
488,42500,8,2222.0,0,2222.0,2215.0,2218.0
489,42500,8,2222.0,0,2222.0,2216.0,2218.0
490,42500,8,2222.0,0,2222.0,2217.0,2219.0
491,42500,8,2222.0,0,2222.0,2217.0,2219.0
492,42500,8,2223.0,0,2223.0,2217.0,2220.0
493,42500,8,2225.0,0,2225.0,2218.0,2220.0
494,42500,8,2225.0,0,2225.0,2219.0,2221.0
495,42500,8,2225.0,0,2225.0,2219.0,2221.0
496,42500,8,2225.0,0,2225.0,2219.0,2222.0
497,42500,8,2226.0,0,2226.0,2219.0,2222.0
498,42500,8,2227.0,0,2227.0,2220.0,2223.0
499,42500,8,2227.0,0,2227.0,2220.0,2223.0
500,42500,8,2227.0,0,2227.0,2222.0,2224.0
501,42500,8,2228.0,0,2228.0,2222.0,2224.0
502,42500,8,2228.0,0,2228.0,2222.0,2225.0
503,42500,8,2228.0,0,2228.0,2224.0,2225.0
504,42500,8,2230.0,0,2230.0,2224.0,2225.0
505,42500,8,2231.0,0,2231.0,2224.0,2226.0
506,42500,8,2231.0,0,2231.0,2224.0,2227.0
507,42500,8,2231.0,0,2231.0,2225.0,2227.0
508,42500,8,2231.0,0,2231.0,2225.0,2228.0
509,42500,8,2232.0,0,2232.0,2225.0,2228.0
510,42500,8,2232.0,0,2232.0,2226.0,2229.0
511,42500,8,2234.0,0,2234.0,2226.0,2229.0
512,42500,8,2234.0,0,2234.0,2227.0,2230.0
513,42500,8,2234.0,0,2234.0,2228.0,2230.0
514,42500,8,2235.0,0,2235.0,2228.0,2231.0
515,42500,8,2237.0,0,2237.0,2229.0,2231.0
516,42500,8,2238.0,0,2238.0,2229.0,2232.0
517,42500,8,2238.0,0,2238.0,2229.0,2232.0
518,42500,8,2238.0,0,2238.0,2230.0,2233.0
519,42500,8,2239.0,0,2239.0,2231.0,2234.0
520,42500,8,2239.0,0,2239.0,2231.0,2234.0
521,42500,8,2240.0,0,2240.0,2231.0,2235.0
522,42500,8,2240.0,0,2240.0,2231.0,2236.0
523,42500,8,2241.0,0,2241.0,2231.0,2236.0
524,42500,8,2241.0,0,2241.0,2233.0,2237.0
525,42500,8,2242.0,0,2242.0,2233.0,2237.0
526,42500,8,2242.0,0,2242.0,2233.0,2238.0
527,42500,8,2243.0,0,2243.0,2234.0,2238.0
528,42500,8,2243.0,0,2243.0,2234.0,2239.0
529,42500,8,2243.0,0,2243.0,2235.0,2239.0
530,42500,8,2244.0,0,2244.0,2236.0,2240.0
531,42500,8,2244.0,0,2244.0,2237.0,2240.0
532,42500,8,2244.0,0,2244.0,2237.0,2241.0
533,42500,8,2245.0,0,2245.0,2238.0,2241.0
534,42500,8,2245.0,0,2245.0,2238.0,2241.0
535,42500,8,2245.0,0,2245.0,2240.0,2242.0
536,42500,8,2245.0,0,2245.0,2240.0,2242.0
537,42500,8,2246.0,0,2246.0,2240.0,2243.0
538,42500,8,2246.0,0,2246.0,2240.0,2243.0
539,42500,8,2248.0,0,2248.0,2241.0,2244.0
540,42500,8,2248.0,0,2248.0,2241.0,2244.0
541,42500,8,2248.0,0,2248.0,2241.0,2244.0
542,42500,8,2248.0,0,2248.0,2241.0,2245.0
543,42500,8,2250.0,0,2250.0,2241.0,2245.0
544,42500,8,2250.0,0,2250.0,2241.0,2246.0
545,42500,8,2250.0,0,2250.0,2242.0,2246.0
546,42500,8,2251.0,0,2251.0,2244.0,2247.0
547,42500,8,2252.0,0,2252.0,2245.0,2247.0
548,42500,8,2252.0,0,2252.0,2245.0,2248.0
549,42500,8,2252.0,0,2252.0,2246.0,2248.0
550,42500,8,2252.0,0,2252.0,2246.0,2248.0
551,42500,8,2252.0,0,2252.0,2247.0,2249.0
552,42500,8,2254.0,0,2254.0,2247.0,2249.0
553,42500,8,2254.0,0,2254.0,2247.0,2249.0
554,42500,8,2254.0,0,2254.0,2247.0,2250.0
555,42500,8,2254.0,0,2254.0,2248.0,2250.0
556,42500,8,2254.0,0,2254.0,2248.0,2251.0
557,42500,8,2254.0,0,2254.0,2248.0,2251.0
558,42500,8,2254.0,0,2254.0,2249.0,2252.0
559,42500,8,2255.0,0,2255.0,2249.0,2252.0
560,42500,8,2256.0,0,2256.0,2250.0,2253.0
561,42500,8,2256.0,0,2256.0,2250.0,2253.0
562,42500,8,2256.0,0,2256.0,2250.0,2253.0
563,42500,8,2257.0,0,2257.0,2250.0,2254.0
564,42500,8,2257.0,0,2257.0,2250.0,2254.0
565,42500,8,2258.0,0,2258.0,2251.0,2254.0
566,42500,8,2260.0,0,2260.0,2251.0,2255.0
567,42500,8,2260.0,0,2260.0,2251.0,2255.0
568,42500,8,2260.0,0,2260.0,2251.0,2256.0
569,42500,8,2260.0,0,2260.0,2252.0,2256.0
570,42500,8,2260.0,0,2260.0,2254.0,2257.0
571,42500,8,2260.0,0,2260.0,2254.0,2257.0
572,42500,8,2260.0,0,2260.0,2255.0,2258.0
573,42500,8,2262.0,0,2262.0,2256.0,2258.0
574,42500,8,2262.0,0,2262.0,2257.0,2258.0
575,42500,8,2262.0,0,2262.0,2257.0,2259.0
576,42500,8,2263.0,0,2263.0,2258.0,2259.0
577,42500,8,2264.0,0,2264.0,2258.0,2259.0
578,42500,8,2264.0,0,2264.0,2258.0,2260.0
579,42500,8,2264.0,0,2264.0,2258.0,2260.0
580,42500,8,2265.0,0,2265.0,2258.0,2261.0
581,42500,8,2265.0,0,2265.0,2259.0,2261.0
582,42500,8,2267.0,0,2267.0,2259.0,2262.0
583,42500,8,2267.0,0,2267.0,2259.0,2262.0
584,42500,8,2267.0,0,2267.0,2260.0,2263.0
585,42500,8,2268.0,0,2268.0,2260.0,2263.0
586,42500,8,2268.0,0,2268.0,2260.0,2264.0
587,42500,8,2269.0,0,2269.0,2260.0,2264.0
588,42500,8,2269.0,0,2269.0,2260.0,2265.0
589,42500,8,2270.0,0,2270.0,2262.0,2265.0
590,42500,8,2270.0,0,2270.0,2262.0,2266.0
591,42500,8,2270.0,0,2270.0,2262.0,2267.0
592,42500,8,2270.0,0,2270.0,2264.0,2267.0
593,42500,8,2270.0,0,2270.0,2264.0,2268.0
594,42500,8,2273.0,0,2273.0,2265.0,2268.0
595,42500,8,2273.0,0,2273.0,2266.0,2268.0
596,42500,8,2273.0,0,2273.0,2266.0,2269.0
597,42500,8,2273.0,0,2273.0,2267.0,2269.0
598,42500,8,2274.0,0,2274.0,2267.0,2270.0
599,42500,8,2275.0,0,2275.0,2267.0,2270.0
600,42500,8,2275.0,0,2275.0,2268.0,2271.0
601,42500,8,2276.0,0,2276.0,2269.0,2271.0
602,42500,8,2276.0,0,2276.0,2269.0,2272.0
603,42500,8,2277.0,0,2277.0,2270.0,2272.0
604,42500,8,2277.0,0,2277.0,2270.0,2273.0
605,42500,8,2277.0,0,2277.0,2270.0,2274.0
606,42500,8,2277.0,0,2277.0,2271.0,2274.0
607,42500,8,2278.0,0,2278.0,2271.0,2275.0
608,42500,8,2279.0,0,2279.0,2273.0,2275.0
609,42500,8,2279.0,0,2279.0,2274.0,2275.0
610,42500,8,2279.0,0,2279.0,2274.0,2276.0
611,42500,8,2280.0,0,2280.0,2274.0,2276.0
612,42500,8,2280.0,0,2280.0,2275.0,2277.0
613,42500,8,2281.0,0,2281.0,2275.0,2277.0
614,42500,8,2281.0,0,2281.0,2276.0,2278.0
615,42500,8,2281.0,0,2281.0,2277.0,2278.0
616,42500,8,2281.0,0,2281.0,2277.0,2279.0
617,42500,8,2282.0,0,2282.0,2277.0,2279.0
618,42500,8,2283.0,0,2283.0,2277.0,2280.0
619,42500,8,2283.0,0,2283.0,2278.0,2280.0
620,42500,8,2285.0,0,2285.0,2278.0,2281.0
621,42500,8,2285.0,0,2285.0,2278.0,2281.0
622,42500,8,2285.0,0,2285.0,2279.0,2282.0
623,42500,8,2286.0,0,2286.0,2280.0,2282.0
624,42500,8,2286.0,0,2286.0,2280.0,2283.0
625,42500,8,2286.0,0,2286.0,2281.0,2283.0
626,42500,8,2287.0,0,2287.0,2282.0,2284.0
627,42500,8,2288.0,0,2288.0,2283.0,2284.0
628,42500,8,2288.0,0,2288.0,2283.0,2285.0
629,42500,8,2289.0,0,2289.0,2283.0,2285.0
630,42500,8,2289.0,0,2289.0,2284.0,2286.0
631,42500,8,2290.0,0,2290.0,2284.0,2286.0
632,42500,8,2290.0,0,2290.0,2285.0,2287.0
633,42500,8,2291.0,0,2291.0,2285.0,2287.0
634,42500,8,2291.0,0,2291.0,2286.0,2288.0
635,42500,8,2292.0,0,2292.0,2286.0,2288.0
636,42500,8,2292.0,0,2292.0,2286.0,2289.0
637,42500,8,2292.0,0,2292.0,2286.0,2289.0
638,42500,8,2292.0,0,2292.0,2288.0,2289.0
639,42500,8,2293.0,0,2293.0,2288.0,2290.0
640,42500,8,2294.0,0,2294.0,2289.0,2290.0
641,42500,8,2294.0,0,2294.0,2289.0,2291.0
642,42500,8,2294.0,0,2294.0,2289.0,2291.0
643,42500,8,2295.0,0,2295.0,2290.0,2292.0
644,42500,8,2297.0,0,2297.0,2290.0,2292.0
645,42500,8,2297.0,0,2297.0,2291.0,2293.0
646,42500,8,2297.0,0,2297.0,2291.0,2293.0
647,42500,8,2297.0,0,2297.0,2291.0,2294.0
648,42500,8,2297.0,0,2297.0,2292.0,2294.0
649,42500,8,2298.0,0,2298.0,2293.0,2295.0
650,42500,8,2298.0,0,2298.0,2293.0,2295.0
651,42500,8,2299.0,0,2299.0,2294.0,2295.0
652,42500,8,2299.0,0,2299.0,2294.0,2296.0
653,42500,8,2300.0,0,2300.0,2294.0,2296.0
654,42500,8,2300.0,0,2300.0,2295.0,2297.0
655,42500,8,2300.0,0,2300.0,2295.0,2297.0
656,42500,8,2300.0,0,2300.0,2295.0,2298.0
657,42500,8,2300.0,0,2300.0,2295.0,2298.0
658,42500,8,2302.0,0,2302.0,2296.0,2299.0
659,42500,8,2303.0,0,2303.0,2296.0,2299.0
660,42500,8,2304.0,0,2304.0,2298.0,2300.0
661,42500,8,2304.0,0,2304.0,2298.0,2300.0
662,42500,8,2304.0,0,2304.0,2298.0,2301.0
663,42500,8,2304.0,0,2304.0,2299.0,2301.0
664,42500,8,2304.0,0,2304.0,2300.0,2302.0
665,42500,8,2305.0,0,2305.0,2300.0,2302.0
666,42500,8,2306.0,0,2306.0,2300.0,2302.0
667,42500,8,2307.0,0,2307.0,2300.0,2303.0
668,42500,8,2307.0,0,2307.0,2301.0,2304.0
669,42500,8,2308.0,0,2308.0,2301.0,2304.0
670,42500,8,2308.0,0,2308.0,2302.0,2305.0
671,42500,8,2309.0,0,2309.0,2303.0,2305.0
672,42500,8,2309.0,0,2309.0,2304.0,2306.0
673,42500,8,2309.0,0,2309.0,2304.0,2306.0
674,42500,8,2310.0,0,2310.0,2304.0,2306.0
675,42500,8,2310.0,0,2310.0,2304.0,2307.0
676,42500,8,2311.0,0,2311.0,2305.0,2307.0
677,42500,8,2311.0,0,2311.0,2305.0,2308.0
678,42500,8,2311.0,0,2311.0,2305.0,2308.0
679,42500,8,2314.0,0,2314.0,2305.0,2309.0
680,42500,8,2314.0,0,2314.0,2305.0,2309.0
681,42500,8,2314.0,0,2314.0,2306.0,2310.0
682,42500,8,2315.0,0,2315.0,2307.0,2311.0
683,42500,8,2316.0,0,2316.0,2307.0,2311.0
684,42500,8,2316.0,0,2316.0,2308.0,2312.0
685,42500,8,2316.0,0,2316.0,2309.0,2312.0
686,42500,8,2316.0,0,2316.0,2309.0,2313.0
687,42500,8,2317.0,0,2317.0,2309.0,2313.0
688,42500,8,2318.0,0,2318.0,2311.0,2314.0
689,42500,8,2319.0,0,2319.0,2311.0,2314.0
690,42500,8,2319.0,0,2319.0,2312.0,2315.0
691,42500,8,2319.0,0,2319.0,2312.0,2315.0
692,42500,8,2320.0,0,2320.0,2313.0,2316.0
693,42500,8,2321.0,0,2321.0,2314.0,2316.0
694,42500,8,2321.0,0,2321.0,2314.0,2317.0
695,42500,8,2322.0,0,2322.0,2315.0,2318.0
696,42500,8,2323.0,0,2323.0,2316.0,2318.0
697,42500,8,2323.0,0,2323.0,2317.0,2319.0
698,42500,8,2324.0,0,2324.0,2317.0,2319.0
699,42500,8,2324.0,0,2324.0,2317.0,2320.0
700,42500,8,2324.0,0,2324.0,2319.0,2321.0
701,42500,8,2324.0,0,2324.0,2319.0,2321.0
702,42500,8,2324.0,0,2324.0,2320.0,2322.0
703,42500,8,2325.0,0,2325.0,2321.0,2322.0
704,42500,8,2326.0,0,2326.0,2321.0,2323.0
705,42500,8,2327.0,0,2327.0,2321.0,2323.0
706,42500,8,2328.0,0,2328.0,2321.0,2324.0
707,42500,8,2328.0,0,2328.0,2322.0,2324.0
708,42500,8,2328.0,0,2328.0,2323.0,2325.0
709,42500,8,2328.0,0,2328.0,2323.0,2325.0
710,42500,8,2329.0,0,2329.0,2325.0,2326.0
711,42500,8,2330.0,0,2330.0,2325.0,2326.0
712,42500,8,2330.0,0,2330.0,2325.0,2327.0
713,42500,8,2331.0,0,2331.0,2326.0,2327.0
714,42500,8,2331.0,0,2331.0,2326.0,2328.0
715,42500,8,2332.0,0,2332.0,2326.0,2328.0
716,42500,8,2333.0,0,2333.0,2326.0,2329.0
717,42500,8,2333.0,0,2333.0,2326.0,2329.0
718,42500,8,2334.0,0,2334.0,2328.0,2330.0
719,42500,8,2334.0,0,2334.0,2328.0,2331.0
720,42500,8,2337.0,0,2337.0,2328.0,2331.0
721,42500,8,2337.0,0,2337.0,2328.0,2332.0
722,42500,8,2337.0,0,2337.0,2329.0,2332.0
723,42500,8,2337.0,0,2337.0,2329.0,2333.0
724,42500,8,2338.0,0,2338.0,2329.0,2334.0
725,42500,8,2338.0,0,2338.0,2332.0,2334.0
726,42500,8,2339.0,0,2339.0,2332.0,2335.0
727,42500,8,2339.0,0,2339.0,2333.0,2336.0
728,42500,8,2340.0,0,2340.0,2333.0,2336.0
729,42500,8,2340.0,0,2340.0,2335.0,2337.0
730,42500,8,2342.0,0,2342.0,2335.0,2337.0
731,42500,8,2342.0,0,2342.0,2336.0,2338.0
732,42500,8,2342.0,0,2342.0,2336.0,2338.0
733,42500,8,2342.0,0,2342.0,2336.0,2339.0
734,42500,8,2344.0,0,2344.0,2337.0,2339.0
735,42500,8,2344.0,0,2344.0,2338.0,2340.0
736,42500,8,2344.0,0,2344.0,2338.0,2340.0
737,42500,8,2344.0,0,2344.0,2338.0,2341.0
738,42500,8,2344.0,0,2344.0,2338.0,2341.0
739,42500,8,2344.0,0,2344.0,2340.0,2341.0
740,42500,8,2345.0,0,2345.0,2340.0,2342.0
741,42500,8,2346.0,0,2346.0,2340.0,2342.0
742,42500,8,2346.0,0,2346.0,2341.0,2343.0
743,42500,8,2346.0,0,2346.0,2341.0,2343.0
744,42500,8,2346.0,0,2346.0,2341.0,2344.0
745,42500,8,2347.0,0,2347.0,2342.0,2344.0
746,42500,8,2347.0,0,2347.0,2342.0,2345.0
747,42500,8,2349.0,0,2349.0,2343.0,2345.0
748,42500,8,2350.0,0,2350.0,2344.0,2345.0
749,42500,8,2350.0,0,2350.0,2344.0,2346.0
750,42500,8,2350.0,0,2350.0,2344.0,2347.0
751,42500,8,2351.0,0,2351.0,2344.0,2347.0
752,42500,8,2351.0,0,2351.0,2345.0,2348.0
753,42500,8,2351.0,0,2351.0,2346.0,2348.0
754,42500,8,2352.0,0,2352.0,2346.0,2349.0
755,42500,8,2352.0,0,2352.0,2347.0,2349.0
756,42500,8,2353.0,0,2353.0,2348.0,2349.0
757,42500,8,2353.0,0,2353.0,2348.0,2350.0
758,42500,8,2353.0,0,2353.0,2349.0,2350.0
759,42500,8,2354.0,0,2354.0,2349.0,2351.0
760,42500,8,2354.0,0,2354.0,2349.0,2351.0
761,42500,8,2354.0,0,2354.0,2350.0,2351.0
762,42500,8,2354.0,0,2354.0,2350.0,2352.0
763,42500,8,2356.0,0,2356.0,2350.0,2352.0
764,42500,8,2356.0,0,2356.0,2351.0,2352.0
765,42500,8,2356.0,0,2356.0,2351.0,2353.0
766,42500,8,2357.0,0,2357.0,2351.0,2353.0
767,42500,8,2357.0,0,2357.0,2352.0,2353.0
768,42500,8,2357.0,0,2357.0,2352.0,2354.0
769,42500,8,2357.0,0,2357.0,2353.0,2354.0
770,42500,8,2358.0,0,2358.0,2353.0,2355.0
771,42500,8,2358.0,0,2358.0,2353.0,2355.0
772,42500,8,2358.0,0,2358.0,2354.0,2355.0
773,42500,8,2359.0,0,2359.0,2354.0,2356.0
774,42500,8,2360.0,0,2360.0,2354.0,2356.0
775,42500,8,2360.0,0,2360.0,2354.0,2357.0
776,42500,8,2360.0,0,2360.0,2354.0,2357.0
777,42500,8,2362.0,0,2362.0,2356.0,2358.0
778,42500,8,2362.0,0,2362.0,2356.0,2358.0
779,42500,8,2363.0,0,2363.0,2356.0,2359.0
780,42500,8,2364.0,0,2364.0,2356.0,2359.0
781,42500,8,2365.0,0,2365.0,2356.0,2360.0
782,42500,8,2365.0,0,2365.0,2356.0,2360.0
783,42500,8,2365.0,0,2365.0,2358.0,2361.0
784,42500,8,2365.0,0,2365.0,2358.0,2361.0
785,42500,8,2366.0,0,2366.0,2358.0,2362.0
786,42500,8,2366.0,0,2366.0,2360.0,2362.0
787,42500,8,2366.0,0,2366.0,2360.0,2363.0
788,42500,8,2367.0,0,2367.0,2360.0,2363.0
789,42500,8,2367.0,0,2367.0,2360.0,2363.0
790,42500,8,2367.0,0,2367.0,2361.0,2364.0
791,42500,8,2367.0,0,2367.0,2361.0,2364.0
792,42500,8,2368.0,0,2368.0,2361.0,2365.0
793,42500,8,2370.0,0,2370.0,2361.0,2365.0
794,42500,8,2370.0,0,2370.0,2363.0,2366.0
795,42500,8,2370.0,0,2370.0,2363.0,2366.0
796,42500,8,2371.0,0,2371.0,2364.0,2367.0
797,42500,8,2371.0,0,2371.0,2365.0,2367.0
798,42500,8,2371.0,0,2371.0,2365.0,2368.0
799,42500,8,2372.0,0,2372.0,2366.0,2368.0
800,42500,8,2372.0,0,2372.0,2366.0,2369.0
801,42500,8,2372.0,0,2372.0,2367.0,2369.0
802,42500,8,2372.0,0,2372.0,2368.0,2370.0
803,42500,8,2374.0,0,2374.0,2368.0,2370.0
804,42500,8,2374.0,0,2374.0,2368.0,2371.0
805,42500,8,2374.0,0,2374.0,2369.0,2371.0
806,42500,8,2374.0,0,2374.0,2369.0,2371.0
807,42500,8,2374.0,0,2374.0,2369.0,2372.0
808,42500,8,2375.0,0,2375.0,2369.0,2372.0
809,42500,8,2375.0,0,2375.0,2370.0,2372.0
810,42500,8,2376.0,0,2376.0,2370.0,2373.0
811,42500,8,2376.0,0,2376.0,2371.0,2373.0
812,42500,8,2377.0,0,2377.0,2372.0,2374.0
813,42500,8,2377.0,0,2377.0,2372.0,2374.0
814,42500,8,2378.0,0,2378.0,2373.0,2374.0
815,42500,8,2378.0,0,2378.0,2373.0,2375.0
816,42500,8,2379.0,0,2379.0,2374.0,2375.0
817,42500,8,2380.0,0,2380.0,2374.0,2376.0
818,42500,8,2380.0,0,2380.0,2374.0,2376.0
819,42500,8,2380.0,0,2380.0,2374.0,2377.0
820,42500,8,2380.0,0,2380.0,2374.0,2377.0
821,42500,8,2381.0,0,2381.0,2376.0,2378.0
822,42500,8,2382.0,0,2382.0,2376.0,2378.0
823,42500,8,2382.0,0,2382.0,2376.0,2379.0
824,42500,8,2382.0,0,2382.0,2376.0,2379.0
825,42500,8,2384.0,0,2384.0,2377.0,2380.0
826,42500,8,2384.0,0,2384.0,2377.0,2380.0
827,42500,8,2386.0,0,2386.0,2379.0,2381.0
828,42500,8,2386.0,0,2386.0,2379.0,2382.0
829,42500,8,2386.0,0,2386.0,2379.0,2382.0
830,42500,8,2386.0,0,2386.0,2379.0,2383.0
831,42500,8,2387.0,0,2387.0,2379.0,2383.0
832,42500,8,2387.0,0,2387.0,2382.0,2384.0
833,42500,8,2388.0,0,2388.0,2382.0,2384.0
834,42500,8,2389.0,0,2389.0,2383.0,2385.0
835,42500,8,2390.0,0,2390.0,2384.0,2386.0
836,42500,8,2390.0,0,2390.0,2384.0,2386.0
837,42500,8,2392.0,0,2392.0,2384.0,2387.0
838,42500,8,2392.0,0,2392.0,2384.0,2387.0
839,42500,8,2393.0,0,2393.0,2385.0,2388.0
840,42500,8,2393.0,0,2393.0,2386.0,2389.0
841,42500,8,2394.0,0,2394.0,2386.0,2389.0
842,42500,8,2394.0,0,2394.0,2386.0,2390.0
843,42500,8,2396.0,0,2396.0,2386.0,2391.0
844,42500,8,2396.0,0,2396.0,2386.0,2391.0
845,42500,8,2397.0,0,2397.0,2388.0,2392.0
846,42500,8,2398.0,0,2398.0,2388.0,2393.0
847,42500,8,2401.0,0,2401.0,2388.0,2393.0
848,42500,8,2401.0,0,2401.0,2389.0,2394.0
849,42500,8,2401.0,0,2401.0,2390.0,2395.0
850,42500,8,2401.0,0,2401.0,2390.0,2395.0
851,42500,8,2401.0,0,2401.0,2391.0,2396.0
852,42500,8,2402.0,0,2402.0,2391.0,2396.0
853,42500,8,2402.0,0,2402.0,2392.0,2397.0
854,42500,8,2402.0,0,2402.0,2393.0,2398.0
855,42500,8,2403.0,0,2403.0,2393.0,2398.0
856,42500,8,2403.0,0,2403.0,2396.0,2399.0
857,42500,8,2404.0,0,2404.0,2396.0,2400.0
858,42500,8,2404.0,0,2404.0,2397.0,2400.0
859,42500,8,2405.0,0,2405.0,2398.0,2401.0
860,42500,8,2405.0,0,2405.0,2398.0,2401.0
861,42500,8,2407.0,0,2407.0,2398.0,2402.0
862,42500,8,2407.0,0,2407.0,2399.0,2402.0
863,42500,8,2407.0,0,2407.0,2400.0,2403.0
864,42500,8,2407.0,0,2407.0,2401.0,2403.0
865,42500,8,2407.0,0,2407.0,2401.0,2404.0
866,42500,8,2408.0,0,2408.0,2401.0,2404.0
867,42500,8,2408.0,0,2408.0,2402.0,2405.0
868,42500,8,2409.0,0,2409.0,2403.0,2405.0
869,42500,8,2409.0,0,2409.0,2403.0,2406.0
870,42500,8,2410.0,0,2410.0,2403.0,2406.0
871,42500,8,2410.0,0,2410.0,2403.0,2407.0
872,42500,8,2411.0,0,2411.0,2405.0,2407.0
873,42500,8,2411.0,0,2411.0,2405.0,2408.0
874,42500,8,2411.0,0,2411.0,2405.0,2408.0
875,42500,8,2412.0,0,2412.0,2405.0,2409.0
876,42500,8,2412.0,0,2412.0,2407.0,2409.0
877,42500,8,2413.0,0,2413.0,2407.0,2409.0
878,42500,8,2413.0,0,2413.0,2407.0,2410.0
879,42500,8,2414.0,0,2414.0,2409.0,2410.0
880,42500,8,2414.0,0,2414.0,2409.0,2411.0
881,42500,8,2415.0,0,2415.0,2409.0,2411.0
882,42500,8,2415.0,0,2415.0,2411.0,2412.0
883,42500,8,2415.0,0,2415.0,2411.0,2412.0
884,42500,8,2416.0,0,2416.0,2411.0,2413.0
885,42500,8,2416.0,0,2416.0,2411.0,2413.0
886,42500,8,2418.0,0,2418.0,2412.0,2414.0
887,42500,8,2418.0,0,2418.0,2412.0,2414.0
888,42500,8,2418.0,0,2418.0,2412.0,2415.0
889,42500,8,2418.0,0,2418.0,2412.0,2415.0
890,42500,8,2419.0,0,2419.0,2413.0,2416.0
891,42500,8,2420.0,0,2420.0,2413.0,2416.0
892,42500,8,2421.0,0,2421.0,2414.0,2417.0
893,42500,8,2421.0,0,2421.0,2415.0,2417.0
894,42500,8,2421.0,0,2421.0,2416.0,2418.0
895,42500,8,2423.0,0,2423.0,2416.0,2418.0
896,42500,8,2423.0,0,2423.0,2416.0,2419.0
897,42500,8,2424.0,0,2424.0,2417.0,2419.0
898,42500,8,2424.0,0,2424.0,2417.0,2419.0
899,42500,8,2424.0,0,2424.0,2417.0,2420.0
900,42500,8,2424.0,0,2424.0,2418.0,2421.0
901,42500,8,2426.0,0,2426.0,2418.0,2421.0
902,42500,8,2426.0,0,2426.0,2419.0,2422.0
903,42500,8,2426.0,0,2426.0,2419.0,2422.0
904,42500,8,2427.0,0,2427.0,2419.0,2423.0
905,42500,8,2428.0,0,2428.0,2421.0,2423.0
906,42500,8,2428.0,0,2428.0,2421.0,2424.0
907,42500,8,2428.0,0,2428.0,2422.0,2424.0
908,42500,8,2429.0,0,2429.0,2423.0,2425.0
909,42500,8,2429.0,0,2429.0,2423.0,2425.0
910,42500,8,2429.0,0,2429.0,2424.0,2425.0
911,42500,8,2429.0,0,2429.0,2424.0,2426.0
912,42500,8,2431.0,0,2431.0,2425.0,2427.0
913,42500,8,2431.0,0,2431.0,2425.0,2427.0
914,42500,8,2431.0,0,2431.0,2425.0,2427.0
915,42500,8,2432.0,0,2432.0,2426.0,2428.0
916,42500,8,2432.0,0,2432.0,2426.0,2429.0
917,42500,8,2432.0,0,2432.0,2426.0,2429.0
918,42500,8,2432.0,0,2432.0,2427.0,2429.0
919,42500,8,2433.0,0,2433.0,2428.0,2430.0
920,42500,8,2435.0,0,2435.0,2429.0,2430.0
921,42500,8,2436.0,0,2436.0,2429.0,2431.0
922,42500,8,2436.0,0,2436.0,2429.0,2431.0
923,42500,8,2437.0,0,2437.0,2430.0,2432.0
924,42500,8,2437.0,0,2437.0,2430.0,2432.0
925,42500,8,2437.0,0,2437.0,2430.0,2433.0
926,42500,8,2438.0,0,2438.0,2431.0,2434.0
927,42500,8,2438.0,0,2438.0,2431.0,2434.0
928,42500,8,2438.0,0,2438.0,2431.0,2435.0
929,42500,8,2439.0,0,2439.0,2433.0,2435.0
930,42500,8,2439.0,0,2439.0,2434.0,2436.0
931,42500,8,2440.0,0,2440.0,2434.0,2436.0
932,42500,8,2440.0,0,2440.0,2434.0,2436.0
933,42500,8,2440.0,0,2440.0,2434.0,2437.0
934,42500,8,2441.0,0,2441.0,2435.0,2437.0
935,42500,8,2441.0,0,2441.0,2435.0,2438.0
936,42500,8,2441.0,0,2441.0,2435.0,2438.0
937,42500,8,2441.0,0,2441.0,2436.0,2439.0
938,42500,8,2442.0,0,2442.0,2436.0,2439.0
939,42500,8,2442.0,0,2442.0,2436.0,2439.0
940,42500,8,2443.0,0,2443.0,2436.0,2440.0
941,42500,8,2443.0,0,2443.0,2438.0,2440.0
942,42500,8,2443.0,0,2443.0,2438.0,2441.0
943,42500,8,2444.0,0,2444.0,2439.0,2441.0
944,42500,8,2444.0,0,2444.0,2440.0,2442.0
945,42500,8,2446.0,0,2446.0,2440.0,2442.0
946,42500,8,2446.0,0,2446.0,2441.0,2443.0
947,42500,8,2447.0,0,2447.0,2441.0,2443.0
948,42500,8,2447.0,0,2447.0,2441.0,2443.0
949,42500,8,2448.0,0,2448.0,2442.0,2444.0
950,42500,8,2450.0,0,2450.0,2443.0,2444.0
951,42500,8,2450.0,0,2450.0,2443.0,2445.0
952,42500,8,2450.0,0,2450.0,2444.0,2445.0
953,42500,8,2451.0,0,2451.0,2444.0,2446.0
954,42500,8,2451.0,0,2451.0,2444.0,2446.0
955,42500,8,2452.0,0,2452.0,2445.0,2447.0
956,42500,8,2452.0,0,2452.0,2445.0,2448.0
957,42500,8,2452.0,0,2452.0,2445.0,2448.0
958,42500,8,2452.0,0,2452.0,2446.0,2449.0
959,42500,8,2453.0,0,2453.0,2447.0,2449.0
960,42500,8,2454.0,0,2454.0,2447.0,2449.0
961,42500,8,2454.0,0,2454.0,2447.0,2450.0
962,42500,8,2454.0,0,2454.0,2447.0,2450.0
963,42500,8,2454.0,0,2454.0,2447.0,2451.0
964,42500,8,2454.0,0,2454.0,2447.0,2451.0
965,42500,8,2454.0,0,2454.0,2448.0,2451.0
966,42500,8,2454.0,0,2454.0,2450.0,2452.0
967,42500,8,2455.0,0,2455.0,2450.0,2452.0
968,42500,8,2455.0,0,2455.0,2450.0,2452.0
969,42500,8,2455.0,0,2455.0,2451.0,2452.0
970,42500,8,2456.0,0,2456.0,2451.0,2453.0
971,42500,8,2456.0,0,2456.0,2451.0,2453.0
972,42500,8,2458.0,0,2458.0,2452.0,2454.0
973,42500,8,2458.0,0,2458.0,2452.0,2454.0
974,42500,8,2459.0,0,2459.0,2452.0,2454.0
975,42500,8,2459.0,0,2459.0,2453.0,2454.0
976,42500,8,2459.0,0,2459.0,2453.0,2455.0
977,42500,8,2459.0,0,2459.0,2453.0,2455.0
978,42500,8,2462.0,0,2462.0,2454.0,2456.0
979,42500,8,2462.0,0,2462.0,2454.0,2456.0
980,42500,8,2463.0,0,2463.0,2454.0,2457.0
981,42500,8,2463.0,0,2463.0,2455.0,2457.0
982,42500,8,2463.0,0,2463.0,2455.0,2458.0
983,42500,8,2463.0,0,2463.0,2455.0,2458.0
984,42500,8,2463.0,0,2463.0,2455.0,2459.0
985,42500,8,2465.0,0,2465.0,2456.0,2459.0
986,42500,8,2465.0,0,2465.0,2456.0,2460.0
987,42500,8,2466.0,0,2466.0,2456.0,2460.0
988,42500,8,2467.0,0,2467.0,2456.0,2461.0
989,42500,8,2467.0,0,2467.0,2457.0,2461.0
990,42500,8,2467.0,0,2467.0,2458.0,2462.0
991,42500,8,2468.0,0,2468.0,2458.0,2463.0
992,42500,8,2468.0,0,2468.0,2458.0,2463.0
993,42500,8,2468.0,0,2468.0,2458.0,2464.0
994,42500,8,2468.0,0,2468.0,2459.0,2464.0
995,42500,8,2468.0,0,2468.0,2460.0,2465.0
996,42500,8,2468.0,0,2468.0,2461.0,2465.0
997,42500,8,2468.0,0,2468.0,2461.0,2466.0
998,42500,8,2469.0,0,2469.0,2462.0,2466.0
999,42500,8,2470.0,0,2470.0,2464.0,2466.0
1000,42500,8,2470.0,0,2470.0,2464.0,2467.0
1001,42500,8,2470.0,0,2470.0,2466.0,2467.0
1002,42500,8,2470.0,0,2470.0,2466.0,2467.0
1003,42500,8,2470.0,0,2470.0,2466.0,2468.0
1004,42500,8,2471.0,0,2471.0,2466.0,2468.0
1005,42500,8,2472.0,0,2472.0,2467.0,2469.0
1006,42500,8,2473.0,0,2473.0,2467.0,2469.0
1007,42500,8,2473.0,0,2473.0,2468.0,2469.0
1008,42500,8,2473.0,0,2473.0,2468.0,2470.0
1009,42500,8,2473.0,0,2473.0,2468.0,2470.0
1010,42500,8,2473.0,0,2473.0,2468.0,2470.0
1011,42500,8,2473.0,0,2473.0,2468.0,2471.0
1012,42500,8,2473.0,0,2473.0,2469.0,2471.0
1013,42500,8,2474.0,0,2474.0,2469.0,2471.0
1014,42500,8,2474.0,0,2474.0,2469.0,2472.0
1015,42500,8,2476.0,0,2476.0,2469.0,2472.0
1016,42500,8,2476.0,0,2476.0,2470.0,2472.0
1017,42500,8,2476.0,0,2476.0,2470.0,2473.0
1018,42500,8,2476.0,0,2476.0,2471.0,2473.0
1019,42500,8,2476.0,0,2476.0,2471.0,2474.0
1020,42500,8,2477.0,0,2477.0,2472.0,2474.0
1021,42500,8,2477.0,0,2477.0,2472.0,2474.0
1022,42500,8,2478.0,0,2478.0,2473.0,2475.0
1023,42500,8,2479.0,0,2479.0,2473.0,2475.0
1024,42500,8,2479.0,0,2479.0,2474.0,2476.0
1025,42500,8,2479.0,0,2479.0,2475.0,2476.0
1026,42500,8,2480.0,0,2480.0,2475.0,2477.0
1027,42500,8,2480.0,0,2480.0,2476.0,2477.0
1028,42500,8,2480.0,0,2480.0,2476.0,2477.0
1029,42500,8,2480.0,0,2480.0,2476.0,2478.0
1030,42500,8,2481.0,0,2481.0,2476.0,2478.0
1031,42500,8,2482.0,0,2482.0,2477.0,2478.0
1032,42500,8,2482.0,0,2482.0,2477.0,2479.0
1033,42500,8,2482.0,0,2482.0,2477.0,2479.0
1034,42500,8,2482.0,0,2482.0,2478.0,2479.0
1035,42500,8,2482.0,0,2482.0,2478.0,2480.0
1036,42500,8,2482.0,0,2482.0,2478.0,2480.0
1037,42500,8,2483.0,0,2483.0,2478.0,2480.0
1038,42500,8,2483.0,0,2483.0,2479.0,2481.0
1039,42500,8,2484.0,0,2484.0,2479.0,2481.0
1040,42500,8,2484.0,0,2484.0,2480.0,2481.0
1041,42500,8,2484.0,0,2484.0,2480.0,2482.0
1042,42500,8,2485.0,0,2485.0,2481.0,2482.0
1043,42500,8,2485.0,0,2485.0,2481.0,2483.0
1044,42500,8,2486.0,0,2486.0,2482.0,2483.0
1045,42500,8,2486.0,0,2486.0,2482.0,2483.0
1046,42500,8,2486.0,0,2486.0,2483.0,2484.0
1047,42500,8,2487.0,0,2487.0,2483.0,2484.0
1048,42500,8,2488.0,0,2488.0,2483.0,2484.0
1049,42500,8,2489.0,0,2489.0,2483.0,2485.0
1050,42500,8,2489.0,0,2489.0,2483.0,2485.0
1051,42500,8,2489.0,0,2489.0,2484.0,2485.0
1052,42500,8,2489.0,0,2489.0,2485.0,2486.0
1053,42500,8,2489.0,0,2489.0,2485.0,2486.0
1054,42500,8,2490.0,0,2490.0,2486.0,2487.0
1055,42500,8,2490.0,0,2490.0,2486.0,2487.0
1056,42500,8,2493.0,0,2493.0,2486.0,2487.0
1057,42500,8,2493.0,0,2493.0,2487.0,2488.0
1058,42500,8,2493.0,0,2493.0,2487.0,2488.0
1059,42500,8,2494.0,0,2494.0,2487.0,2489.0
1060,42500,8,2494.0,0,2494.0,2487.0,2489.0
1061,42500,8,2494.0,0,2494.0,2488.0,2490.0
1062,42500,8,2495.0,0,2495.0,2488.0,2490.0
1063,42500,8,2495.0,0,2495.0,2489.0,2491.0
1064,42500,8,2495.0,0,2495.0,2489.0,2492.0
1065,42500,8,2495.0,0,2495.0,2489.0,2492.0
1066,42500,8,2496.0,0,2496.0,2489.0,2492.0
1067,42500,8,2496.0,0,2496.0,2491.0,2493.0
1068,42500,8,2496.0,0,2496.0,2491.0,2493.0
1069,42500,8,2497.0,0,2497.0,2491.0,2494.0
1070,42500,8,2498.0,0,2498.0,2492.0,2494.0
1071,42500,8,2498.0,0,2498.0,2492.0,2495.0
1072,42500,8,2498.0,0,2498.0,2492.0,2495.0
1073,42500,8,2500.0,0,2500.0,2493.0,2496.0
1074,42500,8,2500.0,0,2500.0,2493.0,2496.0
1075,42500,8,2500.0,0,2500.0,2495.0,2497.0
1076,42500,8,2501.0,0,2501.0,2495.0,2497.0
1077,42500,8,2501.0,0,2501.0,2495.0,2498.0
1078,42500,8,2502.0,0,2502.0,2496.0,2498.0
1079,42500,8,2504.0,0,2504.0,2496.0,2499.0
1080,42500,8,2504.0,0,2504.0,2497.0,2499.0
1081,42500,8,2504.0,0,2504.0,2498.0,2500.0
1082,42500,8,2504.0,0,2504.0,2498.0,2501.0
1083,42500,8,2505.0,0,2505.0,2498.0,2501.0
1084,42500,8,2505.0,0,2505.0,2499.0,2502.0
1085,42500,8,2505.0,0,2505.0,2499.0,2502.0
1086,42500,8,2505.0,0,2505.0,2499.0,2502.0
1087,42500,8,2506.0,0,2506.0,2501.0,2503.0
1088,42500,8,2506.0,0,2506.0,2502.0,2503.0
1089,42500,8,2508.0,0,2508.0,2502.0,2504.0
1090,42500,8,2508.0,0,2508.0,2502.0,2504.0
1091,42500,8,2509.0,0,2509.0,2502.0,2505.0
1092,42500,8,2509.0,0,2509.0,2502.0,2505.0
1093,42500,8,2510.0,0,2510.0,2503.0,2506.0
1094,42500,8,2510.0,0,2510.0,2504.0,2506.0
1095,42500,8,2511.0,0,2511.0,2504.0,2507.0
1096,42500,8,2511.0,0,2511.0,2504.0,2508.0
1097,42500,8,2511.0,0,2511.0,2505.0,2508.0
1098,42500,8,2511.0,0,2511.0,2506.0,2509.0
1099,42500,8,2511.0,0,2511.0,2506.0,2509.0
1100,42500,8,2512.0,0,2512.0,2507.0,2509.0
1101,42500,8,2512.0,0,2512.0,2508.0,2510.0
1102,42500,8,2513.0,0,2513.0,2508.0,2510.0
1103,42500,8,2513.0,0,2513.0,2509.0,2510.0
1104,42500,8,2513.0,0,2513.0,2509.0,2511.0
1105,42500,8,2514.0,0,2514.0,2510.0,2511.0
1106,42500,8,2515.0,0,2515.0,2510.0,2511.0
1107,42500,8,2516.0,0,2516.0,2511.0,2512.0
1108,42500,8,2516.0,0,2516.0,2511.0,2512.0
1109,42500,8,2517.0,0,2517.0,2511.0,2513.0
1110,42500,8,2518.0,0,2518.0,2511.0,2513.0
1111,42500,8,2519.0,0,2519.0,2512.0,2513.0
1112,42500,8,2519.0,0,2519.0,2512.0,2514.0
1113,42500,8,2519.0,0,2519.0,2512.0,2514.0
1114,42500,8,2519.0,0,2519.0,2513.0,2515.0
1115,42500,8,2519.0,0,2519.0,2513.0,2515.0
1116,42500,8,2519.0,0,2519.0,2513.0,2516.0
1117,42500,8,2520.0,0,2520.0,2513.0,2516.0
1118,42500,8,2521.0,0,2521.0,2515.0,2517.0
1119,42500,8,2521.0,0,2521.0,2515.0,2517.0
1120,42500,8,2521.0,0,2521.0,2515.0,2517.0
1121,42500,8,2521.0,0,2521.0,2515.0,2518.0
1122,42500,8,2521.0,0,2521.0,2515.0,2518.0
1123,42500,8,2522.0,0,2522.0,2516.0,2519.0
1124,42500,8,2522.0,0,2522.0,2516.0,2519.0
1125,42500,8,2522.0,0,2522.0,2517.0,2519.0
1126,42500,8,2523.0,0,2523.0,2517.0,2520.0
1127,42500,8,2523.0,0,2523.0,2517.0,2520.0
1128,42500,8,2523.0,0,2523.0,2518.0,2521.0
1129,42500,8,2525.0,0,2525.0,2519.0,2521.0
1130,42500,8,2525.0,0,2525.0,2519.0,2522.0
1131,42500,8,2525.0,0,2525.0,2519.0,2522.0
1132,42500,8,2525.0,0,2525.0,2519.0,2522.0
1133,42500,8,2527.0,0,2527.0,2520.0,2523.0
1134,42500,8,2527.0,0,2527.0,2522.0,2523.0
1135,42500,8,2527.0,0,2527.0,2522.0,2524.0
1136,42500,8,2527.0,0,2527.0,2522.0,2524.0
1137,42500,8,2527.0,0,2527.0,2522.0,2525.0
1138,42500,8,2529.0,0,2529.0,2522.0,2525.0
1139,42500,8,2529.0,0,2529.0,2523.0,2526.0
1140,42500,8,2529.0,0,2529.0,2523.0,2526.0
1141,42500,8,2530.0,0,2530.0,2524.0,2526.0
1142,42500,8,2530.0,0,2530.0,2524.0,2527.0
1143,42500,8,2531.0,0,2531.0,2525.0,2527.0
1144,42500,8,2532.0,0,2532.0,2525.0,2528.0
1145,42500,8,2532.0,0,2532.0,2526.0,2528.0
1146,42500,8,2533.0,0,2533.0,2527.0,2529.0
1147,42500,8,2534.0,0,2534.0,2527.0,2529.0
1148,42500,8,2534.0,0,2534.0,2528.0,2529.0
1149,42500,8,2534.0,0,2534.0,2528.0,2530.0
1150,42500,8,2534.0,0,2534.0,2528.0,2530.0
1151,42500,8,2534.0,0,2534.0,2528.0,2531.0
1152,42500,8,2535.0,0,2535.0,2528.0,2532.0
1153,42500,8,2536.0,0,2536.0,2529.0,2532.0
1154,42500,8,2536.0,0,2536.0,2529.0,2533.0
1155,42500,8,2537.0,0,2537.0,2531.0,2533.0
1156,42500,8,2538.0,0,2538.0,2531.0,2533.0
1157,42500,8,2538.0,0,2538.0,2532.0,2534.0
1158,42500,8,2538.0,0,2538.0,2532.0,2534.0
1159,42500,8,2538.0,0,2538.0,2532.0,2535.0
1160,42500,8,2539.0,0,2539.0,2532.0,2535.0
1161,42500,8,2539.0,0,2539.0,2533.0,2536.0
1162,42500,8,2539.0,0,2539.0,2533.0,2536.0
1163,42500,8,2541.0,0,2541.0,2534.0,2537.0
1164,42500,8,2541.0,0,2541.0,2534.0,2537.0
1165,42500,8,2542.0,0,2542.0,2534.0,2538.0
1166,42500,8,2542.0,0,2542.0,2535.0,2538.0
1167,42500,8,2542.0,0,2542.0,2536.0,2538.0
1168,42500,8,2543.0,0,2543.0,2536.0,2539.0
1169,42500,8,2543.0,0,2543.0,2537.0,2540.0
1170,42500,8,2545.0,0,2545.0,2537.0,2540.0
1171,42500,8,2545.0,0,2545.0,2538.0,2541.0
1172,42500,8,2546.0,0,2546.0,2538.0,2542.0
1173,42500,8,2546.0,0,2546.0,2538.0,2542.0
1174,42500,8,2546.0,0,2546.0,2538.0,2542.0
1175,42500,8,2547.0,0,2547.0,2540.0,2543.0
1176,42500,8,2547.0,0,2547.0,2540.0,2543.0
1177,42500,8,2547.0,0,2547.0,2541.0,2544.0
1178,42500,8,2548.0,0,2548.0,2541.0,2544.0
1179,42500,8,2549.0,0,2549.0,2542.0,2545.0
1180,42500,8,2549.0,0,2549.0,2542.0,2545.0
1181,42500,8,2549.0,0,2549.0,2542.0,2545.0
1182,42500,8,2550.0,0,2550.0,2543.0,2546.0
1183,42500,8,2551.0,0,2551.0,2544.0,2546.0
1184,42500,8,2551.0,0,2551.0,2545.0,2547.0
1185,42500,8,2551.0,0,2551.0,2545.0,2547.0
1186,42500,8,2551.0,0,2551.0,2546.0,2548.0
1187,42500,8,2551.0,0,2551.0,2547.0,2548.0
1188,42500,8,2551.0,0,2551.0,2547.0,2549.0
1189,42500,8,2552.0,0,2552.0,2547.0,2549.0
1190,42500,8,2553.0,0,2553.0,2547.0,2550.0
1191,42500,8,2553.0,0,2553.0,2548.0,2550.0
1192,42500,8,2553.0,0,2553.0,2548.0,2550.0
1193,42500,8,2555.0,0,2555.0,2549.0,2551.0
1194,42500,8,2556.0,0,2556.0,2549.0,2551.0
1195,42500,8,2556.0,0,2556.0,2550.0,2552.0
1196,42500,8,2556.0,0,2556.0,2551.0,2552.0
1197,42500,8,2556.0,0,2556.0,2551.0,2552.0
1198,42500,8,2556.0,0,2556.0,2551.0,2553.0
1199,42500,8,2556.0,0,2556.0,2551.0,2553.0
1200,42500,8,2557.0,0,2557.0,2552.0,2553.0
1201,42500,8,2557.0,0,2557.0,2552.0,2554.0
1202,42500,8,2557.0,0,2557.0,2552.0,2554.0
1203,42500,8,2557.0,0,2557.0,2553.0,2554.0
1204,42500,8,2559.0,0,2559.0,2553.0,2555.0
1205,42500,8,2560.0,0,2560.0,2554.0,2555.0
1206,42500,8,2560.0,0,2560.0,2554.0,2555.0
1207,42500,8,2560.0,0,2560.0,2554.0,2556.0
1208,42500,8,2561.0,0,2561.0,2554.0,2556.0
1209,42500,8,2561.0,0,2561.0,2555.0,2557.0
1210,42500,8,2561.0,0,2561.0,2555.0,2557.0
1211,42500,8,2561.0,0,2561.0,2555.0,2557.0
1212,42500,8,2561.0,0,2561.0,2555.0,2558.0
1213,42500,8,2562.0,0,2562.0,2556.0,2558.0
1214,42500,8,2563.0,0,2563.0,2556.0,2558.0
1215,42500,8,2563.0,0,2563.0,2557.0,2559.0
1216,42500,8,2564.0,0,2564.0,2557.0,2559.0
1217,42500,8,2564.0,0,2564.0,2557.0,2560.0
1218,42500,8,2564.0,0,2564.0,2558.0,2560.0
1219,42500,8,2564.0,0,2564.0,2559.0,2561.0
1220,42500,8,2564.0,0,2564.0,2559.0,2561.0
1221,42500,8,2564.0,0,2564.0,2559.0,2562.0
1222,42500,8,2565.0,0,2565.0,2559.0,2562.0
1223,42500,8,2565.0,0,2565.0,2559.0,2562.0
1224,42500,8,2565.0,0,2565.0,2560.0,2563.0
1225,42500,8,2565.0,0,2565.0,2561.0,2563.0
1226,42500,8,2565.0,0,2565.0,2561.0,2563.0
1227,42500,8,2566.0,0,2566.0,2561.0,2564.0
1228,42500,8,2567.0,0,2567.0,2561.0,2564.0
1229,42500,8,2567.0,0,2567.0,2562.0,2564.0
1230,42500,8,2569.0,0,2569.0,2562.0,2565.0
1231,42500,8,2569.0,0,2569.0,2564.0,2565.0
1232,42500,8,2569.0,0,2569.0,2565.0,2566.0
1233,42500,8,2570.0,0,2570.0,2565.0,2566.0
1234,42500,8,2570.0,0,2570.0,2565.0,2567.0
1235,42500,8,2570.0,0,2570.0,2566.0,2567.0
1236,42500,8,2571.0,0,2571.0,2566.0,2568.0
1237,42500,8,2572.0,0,2572.0,2567.0,2568.0
1238,42500,8,2573.0,0,2573.0,2567.0,2568.0
1239,42500,8,2574.0,0,2574.0,2567.0,2569.0
1240,42500,8,2574.0,0,2574.0,2567.0,2569.0
1241,42500,8,2574.0,0,2574.0,2568.0,2570.0
1242,42500,8,2575.0,0,2575.0,2568.0,2571.0
1243,42500,8,2575.0,0,2575.0,2568.0,2571.0
1244,42500,8,2575.0,0,2575.0,2568.0,2571.0
1245,42500,8,2576.0,0,2576.0,2569.0,2572.0
1246,42500,8,2576.0,0,2576.0,2569.0,2573.0
1247,42500,8,2577.0,0,2577.0,2571.0,2573.0
1248,42500,8,2577.0,0,2577.0,2572.0,2574.0
1249,42500,8,2577.0,0,2577.0,2572.0,2574.0
1250,42500,8,2578.0,0,2578.0,2573.0,2575.0
1251,42500,8,2578.0,0,2578.0,2573.0,2575.0
1252,42500,8,2579.0,0,2579.0,2573.0,2576.0
1253,42500,8,2579.0,0,2579.0,2574.0,2576.0
1254,42500,8,2581.0,0,2581.0,2575.0,2576.0
1255,42500,8,2581.0,0,2581.0,2575.0,2577.0
1256,42500,8,2582.0,0,2582.0,2575.0,2577.0
1257,42500,8,2582.0,0,2582.0,2576.0,2578.0
1258,42500,8,2582.0,0,2582.0,2576.0,2578.0
1259,42500,8,2582.0,0,2582.0,2576.0,2579.0
1260,42500,8,2582.0,0,2582.0,2576.0,2579.0
1261,42500,8,2583.0,0,2583.0,2578.0,2580.0
1262,42500,8,2583.0,0,2583.0,2579.0,2580.0
1263,42500,8,2584.0,0,2584.0,2579.0,2580.0
1264,42500,8,2584.0,0,2584.0,2579.0,2581.0
1265,42500,8,2585.0,0,2585.0,2579.0,2581.0
1266,42500,8,2585.0,0,2585.0,2580.0,2582.0
1267,42500,8,2585.0,0,2585.0,2580.0,2582.0
1268,42500,8,2586.0,0,2586.0,2580.0,2583.0
1269,42500,8,2586.0,0,2586.0,2580.0,2583.0
1270,42500,8,2586.0,0,2586.0,2581.0,2584.0
1271,42500,8,2587.0,0,2587.0,2581.0,2584.0
1272,42500,8,2587.0,0,2587.0,2581.0,2584.0
1273,42500,8,2588.0,0,2588.0,2582.0,2585.0
1274,42500,8,2589.0,0,2589.0,2582.0,2585.0
1275,42500,8,2589.0,0,2589.0,2583.0,2586.0
1276,42500,8,2589.0,0,2589.0,2585.0,2586.0
1277,42500,8,2589.0,0,2589.0,2585.0,2586.0
1278,42500,8,2590.0,0,2590.0,2585.0,2587.0
1279,42500,8,2590.0,0,2590.0,2585.0,2587.0
1280,42500,8,2590.0,0,2590.0,2586.0,2587.0
1281,42500,8,2590.0,0,2590.0,2586.0,2588.0
1282,42500,8,2592.0,0,2592.0,2586.0,2588.0
1283,42500,8,2592.0,0,2592.0,2587.0,2588.0
1284,42500,8,2592.0,0,2592.0,2587.0,2589.0
1285,42500,8,2593.0,0,2593.0,2587.0,2589.0
1286,42500,8,2594.0,0,2594.0,2588.0,2590.0
1287,42500,8,2594.0,0,2594.0,2588.0,2590.0
1288,42500,8,2594.0,0,2594.0,2588.0,2591.0
1289,42500,8,2594.0,0,2594.0,2588.0,2591.0
1290,42500,8,2594.0,0,2594.0,2589.0,2592.0
1291,42500,8,2596.0,0,2596.0,2589.0,2592.0
1292,42500,8,2597.0,0,2597.0,2590.0,2592.0
1293,42500,8,2597.0,0,2597.0,2591.0,2593.0
1294,42500,8,2597.0,0,2597.0,2591.0,2593.0
1295,42500,8,2598.0,0,2598.0,2592.0,2594.0
1296,42500,8,2598.0,0,2598.0,2592.0,2594.0
1297,42500,8,2598.0,0,2598.0,2592.0,2594.0
1298,42500,8,2599.0,0,2599.0,2593.0,2595.0
1299,42500,8,2599.0,0,2599.0,2593.0,2595.0
1300,42500,8,2599.0,0,2599.0,2594.0,2596.0
1301,42500,8,2599.0,0,2599.0,2594.0,2596.0
1302,42500,8,2600.0,0,2600.0,2594.0,2596.0
1303,42500,8,2600.0,0,2600.0,2595.0,2597.0
1304,42500,8,2601.0,0,2601.0,2595.0,2597.0
1305,42500,8,2601.0,0,2601.0,2595.0,2598.0
1306,42500,8,2601.0,0,2601.0,2595.0,2598.0
1307,42500,8,2601.0,0,2601.0,2595.0,2598.0
1308,42500,8,2601.0,0,2601.0,2595.0,2599.0
1309,42500,8,2601.0,0,2601.0,2597.0,2599.0
1310,42500,8,2603.0,0,2603.0,2598.0,2600.0
1311,42500,8,2603.0,0,2603.0,2598.0,2600.0
1312,42500,8,2603.0,0,2603.0,2599.0,2601.0
1313,42500,8,2603.0,0,2603.0,2599.0,2601.0
1314,42500,8,2603.0,0,2603.0,2599.0,2601.0
1315,42500,8,2605.0,0,2605.0,2599.0,2601.0
1316,42500,8,2605.0,0,2605.0,2599.0,2602.0
1317,42500,8,2605.0,0,2605.0,2599.0,2602.0
1318,42500,8,2605.0,0,2605.0,2599.0,2602.0
1319,42500,8,2607.0,0,2607.0,2600.0,2603.0
1320,42500,8,2607.0,0,2607.0,2601.0,2603.0
1321,42500,8,2607.0,0,2607.0,2601.0,2604.0
1322,42500,8,2608.0,0,2608.0,2602.0,2604.0
1323,42500,8,2608.0,0,2608.0,2602.0,2605.0
1324,42500,8,2608.0,0,2608.0,2603.0,2605.0
1325,42500,8,2610.0,0,2610.0,2603.0,2606.0
1326,42500,8,2610.0,0,2610.0,2603.0,2606.0
1327,42500,8,2610.0,0,2610.0,2603.0,2607.0
1328,42500,8,2611.0,0,2611.0,2604.0,2607.0
1329,42500,8,2612.0,0,2612.0,2606.0,2608.0
1330,42500,8,2612.0,0,2612.0,2606.0,2608.0
1331,42500,8,2613.0,0,2613.0,2606.0,2609.0
1332,42500,8,2613.0,0,2613.0,2606.0,2609.0
1333,42500,8,2613.0,0,2613.0,2607.0,2610.0
1334,42500,8,2615.0,0,2615.0,2608.0,2610.0
1335,42500,8,2615.0,0,2615.0,2608.0,2611.0
1336,42500,8,2615.0,0,2615.0,2609.0,2611.0
1337,42500,8,2615.0,0,2615.0,2609.0,2612.0
1338,42500,8,2615.0,0,2615.0,2609.0,2612.0
1339,42500,8,2615.0,0,2615.0,2610.0,2613.0
1340,42500,8,2615.0,0,2615.0,2612.0,2613.0
1341,42500,8,2617.0,0,2617.0,2612.0,2614.0
1342,42500,8,2617.0,0,2617.0,2612.0,2614.0
1343,42500,8,2618.0,0,2618.0,2613.0,2614.0
1344,42500,8,2618.0,0,2618.0,2613.0,2615.0
1345,42500,8,2618.0,0,2618.0,2614.0,2615.0
1346,42500,8,2619.0,0,2619.0,2614.0,2616.0
1347,42500,8,2619.0,0,2619.0,2614.0,2616.0
1348,42500,8,2620.0,0,2620.0,2615.0,2617.0
1349,42500,8,2621.0,0,2621.0,2615.0,2617.0
1350,42500,8,2621.0,0,2621.0,2615.0,2617.0
1351,42500,8,2621.0,0,2621.0,2616.0,2618.0
1352,42500,8,2621.0,0,2621.0,2616.0,2618.0
1353,42500,8,2622.0,0,2622.0,2616.0,2619.0
1354,42500,8,2622.0,0,2622.0,2617.0,2619.0
1355,42500,8,2623.0,0,2623.0,2617.0,2620.0
1356,42500,8,2623.0,0,2623.0,2618.0,2620.0
1357,42500,8,2624.0,0,2624.0,2618.0,2620.0
1358,42500,8,2624.0,0,2624.0,2618.0,2621.0
1359,42500,8,2624.0,0,2624.0,2618.0,2621.0
1360,42500,8,2625.0,0,2625.0,2619.0,2622.0
1361,42500,8,2625.0,0,2625.0,2619.0,2622.0
1362,42500,8,2625.0,0,2625.0,2619.0,2622.0
1363,42500,8,2627.0,0,2627.0,2619.0,2623.0
1364,42500,8,2627.0,0,2627.0,2619.0,2623.0
1365,42500,8,2628.0,0,2628.0,2620.0,2624.0
1366,42500,8,2628.0,0,2628.0,2620.0,2624.0
1367,42500,8,2630.0,0,2630.0,2621.0,2624.0
1368,42500,8,2630.0,0,2630.0,2622.0,2625.0
1369,42500,8,2630.0,0,2630.0,2622.0,2625.0
1370,42500,8,2631.0,0,2631.0,2623.0,2626.0
1371,42500,8,2632.0,0,2632.0,2623.0,2626.0
1372,42500,8,2632.0,0,2632.0,2624.0,2627.0
1373,42500,8,2633.0,0,2633.0,2624.0,2627.0
1374,42500,8,2633.0,0,2633.0,2624.0,2628.0
1375,42500,8,2633.0,0,2633.0,2624.0,2628.0
1376,42500,8,2633.0,0,2633.0,2626.0,2629.0
1377,42500,8,2634.0,0,2634.0,2627.0,2629.0
1378,42500,8,2634.0,0,2634.0,2627.0,2629.0
1379,42500,8,2634.0,0,2634.0,2627.0,2630.0
1380,42500,8,2635.0,0,2635.0,2627.0,2630.0
1381,42500,8,2635.0,0,2635.0,2627.0,2631.0
1382,42500,8,2635.0,0,2635.0,2627.0,2631.0
1383,42500,8,2635.0,0,2635.0,2629.0,2632.0
1384,42500,8,2636.0,0,2636.0,2629.0,2632.0
1385,42500,8,2636.0,0,2636.0,2629.0,2633.0
1386,42500,8,2636.0,0,2636.0,2630.0,2633.0
1387,42500,8,2636.0,0,2636.0,2630.0,2633.0
1388,42500,8,2637.0,0,2637.0,2631.0,2634.0
1389,42500,8,2638.0,0,2638.0,2631.0,2634.0
1390,42500,8,2638.0,0,2638.0,2631.0,2635.0
1391,42500,8,2639.0,0,2639.0,2632.0,2635.0
1392,42500,8,2639.0,0,2639.0,2634.0,2636.0
1393,42500,8,2639.0,0,2639.0,2635.0,2636.0
1394,42500,8,2639.0,0,2639.0,2635.0,2637.0
1395,42500,8,2640.0,0,2640.0,2635.0,2637.0
1396,42500,8,2641.0,0,2641.0,2636.0,2637.0
1397,42500,8,2641.0,0,2641.0,2636.0,2638.0
1398,42500,8,2641.0,0,2641.0,2636.0,2638.0
1399,42500,8,2642.0,0,2642.0,2637.0,2638.0
1400,42500,8,2642.0,0,2642.0,2637.0,2639.0
1401,42500,8,2642.0,0,2642.0,2637.0,2639.0
1402,42500,8,2642.0,0,2642.0,2638.0,2640.0
1403,42500,8,2643.0,0,2643.0,2638.0,2640.0
1404,42500,8,2643.0,0,2643.0,2639.0,2640.0
1405,42500,8,2644.0,0,2644.0,2639.0,2641.0
1406,42500,8,2644.0,0,2644.0,2639.0,2641.0
1407,42500,8,2645.0,0,2645.0,2639.0,2641.0
1408,42500,8,2645.0,0,2645.0,2639.0,2642.0
1409,42500,8,2645.0,0,2645.0,2640.0,2642.0
1410,42500,8,2646.0,0,2646.0,2641.0,2643.0
1411,42500,8,2646.0,0,2646.0,2641.0,2643.0
1412,42500,8,2646.0,0,2646.0,2641.0,2643.0
1413,42500,8,2647.0,0,2647.0,2642.0,2644.0
1414,42500,8,2647.0,0,2647.0,2642.0,2644.0
1415,42500,8,2647.0,0,2647.0,2642.0,2644.0
1416,42500,8,2647.0,0,2647.0,2643.0,2645.0
1417,42500,8,2648.0,0,2648.0,2643.0,2645.0
1418,42500,8,2649.0,0,2649.0,2644.0,2646.0
1419,42500,8,2649.0,0,2649.0,2645.0,2646.0
1420,42500,8,2651.0,0,2651.0,2645.0,2647.0
1421,42500,8,2651.0,0,2651.0,2646.0,2647.0
1422,42500,8,2653.0,0,2653.0,2646.0,2648.0
1423,42500,8,2653.0,0,2653.0,2646.0,2648.0
1424,42500,8,2653.0,0,2653.0,2646.0,2648.0
1425,42500,8,2653.0,0,2653.0,2647.0,2649.0
1426,42500,8,2653.0,0,2653.0,2647.0,2649.0
1427,42500,8,2655.0,0,2655.0,2647.0,2649.0
1428,42500,8,2655.0,0,2655.0,2648.0,2650.0
1429,42500,8,2655.0,0,2655.0,2648.0,2650.0
1430,42500,8,2656.0,0,2656.0,2648.0,2651.0
1431,42500,8,2656.0,0,2656.0,2649.0,2651.0
1432,42500,8,2657.0,0,2657.0,2649.0,2651.0
1433,42500,8,2657.0,0,2657.0,2649.0,2652.0
1434,42500,8,2657.0,0,2657.0,2649.0,2652.0
1435,42500,8,2657.0,0,2657.0,2649.0,2653.0
1436,42500,8,2657.0,0,2657.0,2650.0,2654.0
1437,42500,8,2657.0,0,2657.0,2650.0,2654.0
1438,42500,8,2657.0,0,2657.0,2650.0,2655.0
1439,42500,8,2659.0,0,2659.0,2650.0,2655.0
1440,42500,8,2659.0,0,2659.0,2653.0,2656.0
1441,42500,8,2659.0,0,2659.0,2654.0,2656.0
1442,42500,8,2660.0,0,2660.0,2655.0,2657.0
1443,42500,8,2660.0,0,2660.0,2656.0,2657.0
1444,42500,8,2660.0,0,2660.0,2656.0,2657.0
1445,42500,8,2660.0,0,2660.0,2656.0,2658.0
1446,42500,8,2661.0,0,2661.0,2656.0,2658.0
1447,42500,8,2661.0,0,2661.0,2657.0,2658.0
1448,42500,8,2662.0,0,2662.0,2657.0,2659.0
1449,42500,8,2662.0,0,2662.0,2657.0,2659.0
1450,42500,8,2662.0,0,2662.0,2658.0,2659.0
1451,42500,8,2663.0,0,2663.0,2658.0,2660.0
1452,42500,8,2663.0,0,2663.0,2658.0,2660.0
1453,42500,8,2663.0,0,2663.0,2659.0,2660.0
1454,42500,8,2664.0,0,2664.0,2659.0,2661.0
1455,42500,8,2664.0,0,2664.0,2659.0,2661.0
1456,42500,8,2664.0,0,2664.0,2660.0,2661.0
1457,42500,8,2664.0,0,2664.0,2660.0,2662.0
1458,42500,8,2665.0,0,2665.0,2661.0,2662.0
1459,42500,8,2666.0,0,2666.0,2661.0,2663.0
1460,42500,8,2666.0,0,2666.0,2661.0,2663.0
1461,42500,8,2666.0,0,2666.0,2661.0,2663.0
1462,42500,8,2666.0,0,2666.0,2662.0,2664.0
1463,42500,8,2667.0,0,2667.0,2662.0,2664.0
1464,42500,8,2667.0,0,2667.0,2662.0,2664.0
1465,42500,8,2668.0,0,2668.0,2662.0,2665.0
1466,42500,8,2668.0,0,2668.0,2663.0,2665.0
1467,42500,8,2668.0,0,2668.0,2663.0,2666.0
1468,42500,8,2670.0,0,2670.0,2664.0,2666.0
1469,42500,8,2670.0,0,2670.0,2664.0,2666.0
1470,42500,8,2670.0,0,2670.0,2665.0,2667.0
1471,42500,8,2670.0,0,2670.0,2665.0,2667.0
1472,42500,8,2671.0,0,2671.0,2665.0,2668.0
1473,42500,8,2672.0,0,2672.0,2666.0,2668.0
1474,42500,8,2672.0,0,2672.0,2667.0,2669.0
1475,42500,8,2672.0,0,2672.0,2667.0,2669.0
1476,42500,8,2673.0,0,2673.0,2668.0,2669.0
1477,42500,8,2674.0,0,2674.0,2668.0,2670.0
1478,42500,8,2675.0,0,2675.0,2668.0,2670.0
1479,42500,8,2675.0,0,2675.0,2668.0,2671.0
1480,42500,8,2675.0,0,2675.0,2669.0,2671.0
1481,42500,8,2675.0,0,2675.0,2670.0,2672.0
1482,42500,8,2675.0,0,2675.0,2671.0,2672.0
1483,42500,8,2676.0,0,2676.0,2671.0,2673.0
1484,42500,8,2676.0,0,2676.0,2671.0,2673.0
1485,42500,8,2676.0,0,2676.0,2672.0,2674.0
1486,42500,8,2678.0,0,2678.0,2672.0,2674.0
1487,42500,8,2678.0,0,2678.0,2672.0,2674.0
1488,42500,8,2678.0,0,2678.0,2673.0,2675.0
1489,42500,8,2680.0,0,2680.0,2674.0,2675.0
1490,42500,8,2680.0,0,2680.0,2674.0,2676.0
1491,42500,8,2680.0,0,2680.0,2674.0,2676.0
1492,42500,8,2680.0,0,2680.0,2674.0,2677.0
1493,42500,8,2680.0,0,2680.0,2675.0,2677.0
1494,42500,8,2682.0,0,2682.0,2675.0,2678.0
1495,42500,8,2683.0,0,2683.0,2676.0,2678.0
1496,42500,8,2683.0,0,2683.0,2676.0,2679.0
1497,42500,8,2683.0,0,2683.0,2676.0,2679.0
1498,42500,8,2683.0,0,2683.0,2677.0,2679.0
1499,42500,8,2684.0,0,2684.0,2677.0,2680.0
1500,42500,8,2684.0,0,2684.0,2677.0,2680.0
1501,42500,8,2684.0,0,2684.0,2678.0,2681.0
1502,42500,8,2684.0,0,2684.0,2679.0,2681.0
1503,42500,8,2684.0,0,2684.0,2679.0,2682.0
1504,42500,8,2685.0,0,2685.0,2679.0,2682.0
1505,42500,8,2686.0,0,2686.0,2679.0,2682.0
1506,42500,8,2686.0,0,2686.0,2680.0,2683.0
1507,42500,8,2687.0,0,2687.0,2680.0,2683.0
1508,42500,8,2687.0,0,2687.0,2680.0,2683.0
1509,42500,8,2687.0,0,2687.0,2681.0,2684.0
1510,42500,8,2687.0,0,2687.0,2681.0,2685.0
1511,42500,8,2688.0,0,2688.0,2681.0,2685.0
1512,42500,8,2688.0,0,2688.0,2682.0,2685.0
1513,42500,8,2691.0,0,2691.0,2683.0,2686.0
1514,42500,8,2692.0,0,2692.0,2683.0,2686.0
1515,42500,8,2692.0,0,2692.0,2683.0,2686.0
1516,42500,8,2692.0,0,2692.0,2683.0,2687.0
1517,42500,8,2692.0,0,2692.0,2686.0,2687.0
1518,42500,8,2692.0,0,2692.0,2686.0,2688.0
1519,42500,8,2693.0,0,2693.0,2686.0,2688.0
1520,42500,8,2693.0,0,2693.0,2687.0,2689.0
1521,42500,8,2693.0,0,2693.0,2687.0,2689.0
1522,42500,8,2694.0,0,2694.0,2687.0,2690.0
1523,42500,8,2694.0,0,2694.0,2687.0,2690.0
1524,42500,8,2696.0,0,2696.0,2688.0,2691.0
1525,42500,8,2696.0,0,2696.0,2688.0,2691.0
1526,42500,8,2697.0,0,2697.0,2689.0,2692.0
1527,42500,8,2697.0,0,2697.0,2689.0,2693.0
1528,42500,8,2698.0,0,2698.0,2689.0,2693.0
1529,42500,8,2699.0,0,2699.0,2690.0,2694.0
1530,42500,8,2699.0,0,2699.0,2691.0,2694.0
1531,42500,8,2699.0,0,2699.0,2691.0,2695.0
1532,42500,8,2699.0,0,2699.0,2693.0,2696.0
1533,42500,8,2700.0,0,2700.0,2693.0,2696.0
1534,42500,8,2700.0,0,2700.0,2693.0,2697.0
1535,42500,8,2701.0,0,2701.0,2693.0,2697.0
1536,42500,8,2701.0,0,2701.0,2693.0,2697.0
1537,42500,8,2701.0,0,2701.0,2693.0,2698.0
1538,42500,8,2701.0,0,2701.0,2696.0,2698.0
1539,42500,8,2701.0,0,2701.0,2697.0,2699.0
1540,42500,8,2703.0,0,2703.0,2697.0,2699.0
1541,42500,8,2703.0,0,2703.0,2698.0,2700.0
1542,42500,8,2703.0,0,2703.0,2699.0,2700.0
1543,42500,8,2703.0,0,2703.0,2699.0,2700.0
1544,42500,8,2703.0,0,2703.0,2699.0,2701.0
1545,42500,8,2705.0,0,2705.0,2700.0,2701.0
1546,42500,8,2705.0,0,2705.0,2700.0,2701.0
1547,42500,8,2705.0,0,2705.0,2700.0,2702.0
1548,42500,8,2706.0,0,2706.0,2700.0,2702.0
1549,42500,8,2706.0,0,2706.0,2700.0,2702.0
1550,42500,8,2706.0,0,2706.0,2700.0,2703.0
1551,42500,8,2706.0,0,2706.0,2701.0,2703.0
1552,42500,8,2707.0,0,2707.0,2701.0,2704.0
1553,42500,8,2707.0,0,2707.0,2702.0,2704.0
1554,42500,8,2707.0,0,2707.0,2702.0,2705.0
1555,42500,8,2708.0,0,2708.0,2702.0,2705.0
1556,42500,8,2709.0,0,2709.0,2704.0,2706.0
1557,42500,8,2709.0,0,2709.0,2704.0,2706.0
1558,42500,8,2710.0,0,2710.0,2704.0,2706.0
1559,42500,8,2710.0,0,2710.0,2705.0,2707.0
1560,42500,8,2710.0,0,2710.0,2705.0,2707.0
1561,42500,8,2710.0,0,2710.0,2705.0,2708.0
1562,42500,8,2712.0,0,2712.0,2706.0,2708.0
1563,42500,8,2712.0,0,2712.0,2706.0,2708.0
1564,42500,8,2714.0,0,2714.0,2707.0,2709.0
1565,42500,8,2714.0,0,2714.0,2707.0,2709.0
1566,42500,8,2714.0,0,2714.0,2707.0,2710.0
1567,42500,8,2715.0,0,2715.0,2707.0,2710.0
1568,42500,8,2715.0,0,2715.0,2708.0,2711.0
1569,42500,8,2716.0,0,2716.0,2709.0,2711.0
1570,42500,8,2716.0,0,2716.0,2709.0,2712.0
1571,42500,8,2716.0,0,2716.0,2710.0,2712.0
1572,42500,8,2717.0,0,2717.0,2710.0,2713.0
1573,42500,8,2717.0,0,2717.0,2710.0,2713.0
1574,42500,8,2717.0,0,2717.0,2711.0,2713.0
1575,42500,8,2717.0,0,2717.0,2711.0,2714.0
1576,42500,8,2717.0,0,2717.0,2712.0,2714.0
1577,42500,8,2718.0,0,2718.0,2712.0,2715.0
1578,42500,8,2718.0,0,2718.0,2713.0,2715.0
1579,42500,8,2718.0,0,2718.0,2713.0,2716.0
1580,42500,8,2719.0,0,2719.0,2714.0,2716.0
1581,42500,8,2719.0,0,2719.0,2715.0,2716.0
1582,42500,8,2719.0,0,2719.0,2715.0,2717.0
1583,42500,8,2720.0,0,2720.0,2715.0,2717.0
1584,42500,8,2720.0,0,2720.0,2715.0,2717.0
1585,42500,8,2720.0,0,2720.0,2716.0,2718.0
1586,42500,8,2720.0,0,2720.0,2716.0,2718.0
1587,42500,8,2721.0,0,2721.0,2717.0,2718.0
1588,42500,8,2722.0,0,2722.0,2717.0,2719.0
1589,42500,8,2722.0,0,2722.0,2718.0,2719.0
1590,42500,8,2722.0,0,2722.0,2718.0,2719.0
1591,42500,8,2722.0,0,2722.0,2718.0,2719.0
1592,42500,8,2723.0,0,2723.0,2718.0,2720.0
1593,42500,8,2723.0,0,2723.0,2718.0,2720.0
1594,42500,8,2723.0,0,2723.0,2718.0,2721.0
1595,42500,8,2723.0,0,2723.0,2720.0,2721.0
1596,42500,8,2724.0,0,2724.0,2720.0,2721.0
1597,42500,8,2724.0,0,2724.0,2720.0,2722.0
1598,42500,8,2724.0,0,2724.0,2720.0,2722.0
1599,42500,8,2724.0,0,2724.0,2721.0,2722.0
1600,42500,8,2725.0,0,2725.0,2721.0,2723.0
1601,42500,8,2726.0,0,2726.0,2722.0,2723.0
1602,42500,8,2727.0,0,2727.0,2722.0,2724.0
1603,42500,8,2727.0,0,2727.0,2723.0,2724.0
1604,42500,8,2727.0,0,2727.0,2723.0,2724.0
1605,42500,8,2727.0,0,2727.0,2724.0,2725.0
1606,42500,8,2727.0,0,2727.0,2724.0,2725.0
1607,42500,8,2728.0,0,2728.0,2724.0,2725.0
1608,42500,8,2728.0,0,2728.0,2724.0,2725.0
1609,42500,8,2729.0,0,2729.0,2725.0,2726.0
1610,42500,8,2729.0,0,2729.0,2725.0,2726.0
1611,42500,8,2729.0,0,2729.0,2725.0,2727.0
1612,42500,8,2729.0,0,2729.0,2726.0,2727.0
1613,42500,8,2730.0,0,2730.0,2726.0,2727.0
1614,42500,8,2730.0,0,2730.0,2726.0,2727.0
1615,42500,8,2731.0,0,2731.0,2726.0,2728.0
1616,42500,8,2731.0,0,2731.0,2727.0,2728.0
1617,42500,8,2731.0,0,2731.0,2727.0,2729.0
1618,42500,8,2732.0,0,2732.0,2728.0,2729.0
1619,42500,8,2732.0,0,2732.0,2728.0,2729.0
1620,42500,8,2733.0,0,2733.0,2729.0,2730.0
1621,42500,8,2734.0,0,2734.0,2729.0,2730.0
1622,42500,8,2734.0,0,2734.0,2729.0,2731.0
1623,42500,8,2734.0,0,2734.0,2730.0,2731.0
1624,42500,8,2735.0,0,2735.0,2730.0,2731.0
1625,42500,8,2735.0,0,2735.0,2730.0,2732.0
1626,42500,8,2735.0,0,2735.0,2731.0,2732.0
1627,42500,8,2735.0,0,2735.0,2731.0,2733.0
1628,42500,8,2736.0,0,2736.0,2731.0,2733.0
1629,42500,8,2738.0,0,2738.0,2731.0,2733.0
1630,42500,8,2738.0,0,2738.0,2731.0,2734.0
1631,42500,8,2738.0,0,2738.0,2732.0,2734.0
1632,42500,8,2738.0,0,2738.0,2733.0,2735.0
1633,42500,8,2739.0,0,2739.0,2733.0,2735.0
1634,42500,8,2740.0,0,2740.0,2733.0,2736.0
1635,42500,8,2740.0,0,2740.0,2733.0,2736.0
1636,42500,8,2740.0,0,2740.0,2735.0,2737.0
1637,42500,8,2740.0,0,2740.0,2735.0,2737.0
1638,42500,8,2740.0,0,2740.0,2735.0,2738.0
1639,42500,8,2740.0,0,2740.0,2735.0,2738.0
1640,42500,8,2742.0,0,2742.0,2736.0,2739.0
1641,42500,8,2742.0,0,2742.0,2738.0,2739.0
1642,42500,8,2742.0,0,2742.0,2738.0,2740.0
1643,42500,8,2743.0,0,2743.0,2738.0,2740.0
1644,42500,8,2744.0,0,2744.0,2739.0,2741.0
1645,42500,8,2744.0,0,2744.0,2740.0,2741.0
1646,42500,8,2746.0,0,2746.0,2740.0,2742.0
1647,42500,8,2746.0,0,2746.0,2740.0,2742.0
1648,42500,8,2746.0,0,2746.0,2741.0,2742.0
1649,42500,8,2746.0,0,2746.0,2741.0,2742.0
1650,42500,8,2747.0,0,2747.0,2741.0,2743.0
1651,42500,8,2747.0,0,2747.0,2742.0,2743.0
1652,42500,8,2747.0,0,2747.0,2742.0,2744.0
1653,42500,8,2748.0,0,2748.0,2742.0,2744.0
1654,42500,8,2748.0,0,2748.0,2742.0,2745.0
1655,42500,8,2748.0,0,2748.0,2743.0,2745.0
1656,42500,8,2749.0,0,2749.0,2743.0,2745.0
1657,42500,8,2749.0,0,2749.0,2743.0,2745.0
1658,42500,8,2749.0,0,2749.0,2744.0,2746.0
1659,42500,8,2750.0,0,2750.0,2744.0,2746.0
1660,42500,8,2750.0,0,2750.0,2744.0,2746.0
1661,42500,8,2751.0,0,2751.0,2744.0,2747.0
1662,42500,8,2751.0,0,2751.0,2744.0,2747.0
1663,42500,8,2751.0,0,2751.0,2745.0,2748.0
1664,42500,8,2751.0,0,2751.0,2746.0,2748.0
1665,42500,8,2751.0,0,2751.0,2746.0,2749.0
1666,42500,8,2752.0,0,2752.0,2746.0,2749.0
1667,42500,8,2752.0,0,2752.0,2746.0,2749.0
1668,42500,8,2753.0,0,2753.0,2746.0,2750.0
1669,42500,8,2753.0,0,2753.0,2747.0,2750.0
1670,42500,8,2753.0,0,2753.0,2748.0,2751.0
1671,42500,8,2753.0,0,2753.0,2748.0,2751.0
1672,42500,8,2754.0,0,2754.0,2749.0,2751.0
1673,42500,8,2754.0,0,2754.0,2750.0,2752.0
1674,42500,8,2754.0,0,2754.0,2750.0,2752.0
1675,42500,8,2754.0,0,2754.0,2750.0,2752.0
1676,42500,8,2756.0,0,2756.0,2751.0,2753.0
1677,42500,8,2756.0,0,2756.0,2751.0,2753.0
1678,42500,8,2757.0,0,2757.0,2752.0,2753.0
1679,42500,8,2757.0,0,2757.0,2752.0,2754.0
1680,42500,8,2757.0,0,2757.0,2752.0,2754.0
1681,42500,8,2757.0,0,2757.0,2753.0,2754.0
1682,42500,8,2757.0,0,2757.0,2753.0,2755.0
1683,42500,8,2758.0,0,2758.0,2753.0,2755.0
1684,42500,8,2758.0,0,2758.0,2754.0,2756.0
1685,42500,8,2759.0,0,2759.0,2754.0,2756.0
1686,42500,8,2759.0,0,2759.0,2755.0,2756.0
1687,42500,8,2760.0,0,2760.0,2755.0,2757.0
1688,42500,8,2760.0,0,2760.0,2755.0,2757.0
1689,42500,8,2761.0,0,2761.0,2756.0,2757.0
1690,42500,8,2761.0,0,2761.0,2756.0,2758.0
1691,42500,8,2761.0,0,2761.0,2757.0,2758.0
1692,42500,8,2762.0,0,2762.0,2758.0,2759.0
1693,42500,8,2763.0,0,2763.0,2758.0,2759.0
1694,42500,8,2763.0,0,2763.0,2758.0,2759.0
1695,42500,8,2764.0,0,2764.0,2758.0,2760.0
1696,42500,8,2764.0,0,2764.0,2758.0,2760.0
1697,42500,8,2764.0,0,2764.0,2758.0,2760.0
1698,42500,8,2764.0,0,2764.0,2758.0,2761.0
1699,42500,8,2765.0,0,2765.0,2759.0,2761.0
