gen,seed,threads,best_global,fit_best,fit_worst,fit_mean
0,20000,6,1827.0,1827.0,1695.0,1761.0
1,20000,6,1827.0,1827.0,1715.0,1773.0
2,20000,6,1827.0,1827.0,1725.0,1782.0
3,20000,6,1832.0,1832.0,1751.0,1791.0
4,20000,6,1837.0,1837.0,1751.0,1799.0
5,20000,6,1844.0,1844.0,1758.0,1808.0
6,20000,6,1852.0,1852.0,1758.0,1813.0
7,20000,6,1857.0,1857.0,1766.0,1820.0
8,20000,6,1860.0,1860.0,1785.0,1826.0
9,20000,6,1860.0,1860.0,1802.0,1833.0
10,20000,6,1861.0,1861.0,1810.0,1838.0
11,20000,6,1861.0,1861.0,1810.0,1842.0
12,20000,6,1871.0,1871.0,1810.0,1847.0
13,20000,6,1871.0,1871.0,1831.0,1851.0
14,20000,6,1880.0,1880.0,1836.0,1855.0
15,20000,6,1880.0,1880.0,1842.0,1857.0
16,20000,6,1886.0,1886.0,1844.0,1860.0
17,20000,6,1886.0,1886.0,1845.0,1863.0
18,20000,6,1887.0,1887.0,1845.0,1867.0
19,20000,6,1890.0,1890.0,1846.0,1871.0
20,20000,6,1905.0,1905.0,1846.0,1874.0
21,20000,6,1915.0,1915.0,1861.0,1879.0
22,20000,6,1915.0,1915.0,1865.0,1885.0
23,20000,6,1919.0,1919.0,1868.0,1889.0
24,20000,6,1919.0,1919.0,1868.0,1893.0
25,20000,6,1919.0,1919.0,1882.0,1896.0
26,20000,6,1935.0,1935.0,1882.0,1900.0
27,20000,6,1942.0,1942.0,1882.0,1904.0
28,20000,6,1942.0,1942.0,1890.0,1907.0
29,20000,6,1942.0,1942.0,1890.0,1911.0
30,20000,6,1942.0,1942.0,1891.0,1915.0
31,20000,6,1960.0,1960.0,1892.0,1919.0
32,20000,6,1960.0,1960.0,1896.0,1923.0
33,20000,6,1960.0,1960.0,1897.0,1925.0
34,20000,6,1960.0,1960.0,1897.0,1930.0
35,20000,6,1960.0,1960.0,1898.0,1935.0
36,20000,6,1961.0,1961.0,1903.0,1939.0
37,20000,6,1962.0,1962.0,1914.0,1943.0
38,20000,6,1970.0,1970.0,1924.0,1947.0
39,20000,6,1970.0,1970.0,1926.0,1949.0
40,20000,6,1970.0,1970.0,1926.0,1952.0
41,20000,6,1970.0,1970.0,1932.0,1955.0
42,20000,6,1970.0,1970.0,1937.0,1958.0
43,20000,6,1974.0,1974.0,1941.0,1960.0
44,20000,6,1974.0,1974.0,1945.0,1962.0
45,20000,6,1974.0,1974.0,1945.0,1964.0
46,20000,6,1975.0,1975.0,1947.0,1965.0
47,20000,6,1975.0,1975.0,1953.0,1966.0
48,20000,6,1980.0,1980.0,1953.0,1968.0
49,20000,6,1980.0,1980.0,1958.0,1969.0
50,20000,6,1981.0,1981.0,1962.0,1971.0
51,20000,6,1985.0,1985.0,1964.0,1972.0
52,20000,6,1990.0,1990.0,1967.0,1974.0
53,20000,6,1990.0,1990.0,1968.0,1976.0
54,20000,6,1990.0,1990.0,1968.0,1978.0
55,20000,6,1990.0,1990.0,1968.0,1979.0
56,20000,6,1991.0,1991.0,1970.0,1982.0
57,20000,6,1996.0,1996.0,1975.0,1984.0
58,20000,6,1999.0,1999.0,1975.0,1985.0
59,20000,6,2003.0,2003.0,1978.0,1987.0
60,20000,6,2003.0,2003.0,1981.0,1989.0
61,20000,6,2003.0,2003.0,1982.0,1991.0
62,20000,6,2007.0,2007.0,1984.0,1993.0
63,20000,6,2007.0,2007.0,1985.0,1995.0
64,20000,6,2007.0,2007.0,1986.0,1996.0
65,20000,6,2007.0,2007.0,1991.0,1997.0
66,20000,6,2008.0,2008.0,1992.0,1999.0
67,20000,6,2014.0,2014.0,1994.0,2001.0
68,20000,6,2014.0,2014.0,1994.0,2002.0
69,20000,6,2014.0,2014.0,1998.0,2003.0
70,20000,6,2014.0,2014.0,1998.0,2004.0
71,20000,6,2015.0,2015.0,2000.0,2005.0
72,20000,6,2015.0,2015.0,2000.0,2007.0
73,20000,6,2016.0,2016.0,2003.0,2008.0
74,20000,6,2016.0,2016.0,2003.0,2010.0
75,20000,6,2020.0,2020.0,2004.0,2011.0
76,20000,6,2021.0,2021.0,2005.0,2012.0
77,20000,6,2021.0,2021.0,2005.0,2013.0
78,20000,6,2022.0,2022.0,2008.0,2015.0
79,20000,6,2025.0,2025.0,2008.0,2016.0
80,20000,6,2025.0,2025.0,2009.0,2017.0
81,20000,6,2026.0,2026.0,2009.0,2019.0
82,20000,6,2027.0,2027.0,2013.0,2020.0
83,20000,6,2028.0,2028.0,2013.0,2021.0
84,20000,6,2028.0,2028.0,2016.0,2022.0
85,20000,6,2032.0,2032.0,2019.0,2023.0
86,20000,6,2032.0,2032.0,2019.0,2024.0
87,20000,6,2032.0,2032.0,2019.0,2025.0
88,20000,6,2033.0,2033.0,2020.0,2026.0
89,20000,6,2034.0,2034.0,2022.0,2027.0
90,20000,6,2034.0,2034.0,2023.0,2028.0
91,20000,6,2036.0,2036.0,2023.0,2029.0
92,20000,6,2036.0,2036.0,2025.0,2030.0
93,20000,6,2037.0,2037.0,2025.0,2031.0
94,20000,6,2037.0,2037.0,2025.0,2031.0
95,20000,6,2037.0,2037.0,2029.0,2032.0
96,20000,6,2038.0,2038.0,2029.0,2033.0
97,20000,6,2038.0,2038.0,2031.0,2034.0
98,20000,6,2039.0,2039.0,2031.0,2034.0
99,20000,6,2039.0,2039.0,2031.0,2035.0
100,20000,6,2042.0,2042.0,2032.0,2035.0
101,20000,6,2042.0,2042.0,2032.0,2036.0
102,20000,6,2042.0,2042.0,2033.0,2037.0
103,20000,6,2042.0,2042.0,2034.0,2037.0
104,20000,6,2043.0,2043.0,2035.0,2038.0
105,20000,6,2043.0,2043.0,2035.0,2039.0
106,20000,6,2046.0,2046.0,2036.0,2040.0
107,20000,6,2046.0,2046.0,2037.0,2040.0
108,20000,6,2046.0,2046.0,2037.0,2041.0
109,20000,6,2048.0,2048.0,2037.0,2042.0
110,20000,6,2048.0,2048.0,2038.0,2043.0
111,20000,6,2051.0,2051.0,2038.0,2043.0
112,20000,6,2051.0,2051.0,2039.0,2044.0
113,20000,6,2051.0,2051.0,2040.0,2045.0
114,20000,6,2051.0,2051.0,2040.0,2046.0
115,20000,6,2051.0,2051.0,2043.0,2047.0
116,20000,6,2053.0,2053.0,2045.0,2048.0
117,20000,6,2053.0,2053.0,2045.0,2048.0
118,20000,6,2054.0,2054.0,2046.0,2049.0
119,20000,6,2054.0,2054.0,2046.0,2049.0
120,20000,6,2056.0,2056.0,2046.0,2050.0
121,20000,6,2056.0,2056.0,2047.0,2051.0
122,20000,6,2056.0,2056.0,2047.0,2051.0
123,20000,6,2057.0,2057.0,2047.0,2052.0
124,20000,6,2057.0,2057.0,2048.0,2053.0
125,20000,6,2058.0,2058.0,2049.0,2053.0
126,20000,6,2061.0,2061.0,2049.0,2054.0
127,20000,6,2062.0,2062.0,2049.0,2055.0
128,20000,6,2062.0,2062.0,2050.0,2055.0
129,20000,6,2062.0,2062.0,2052.0,2056.0
130,20000,6,2062.0,2062.0,2053.0,2057.0
131,20000,6,2064.0,2064.0,2053.0,2057.0
132,20000,6,2064.0,2064.0,2054.0,2058.0
133,20000,6,2064.0,2064.0,2054.0,2059.0
134,20000,6,2066.0,2066.0,2054.0,2059.0
135,20000,6,2066.0,2066.0,2056.0,2060.0
136,20000,6,2066.0,2066.0,2056.0,2061.0
137,20000,6,2067.0,2067.0,2057.0,2061.0
138,20000,6,2068.0,2068.0,2058.0,2062.0
139,20000,6,2070.0,2070.0,2058.0,2063.0
140,20000,6,2070.0,2070.0,2059.0,2063.0
141,20000,6,2070.0,2070.0,2059.0,2064.0
142,20000,6,2071.0,2071.0,2061.0,2065.0
143,20000,6,2071.0,2071.0,2061.0,2065.0
144,20000,6,2071.0,2071.0,2061.0,2066.0
145,20000,6,2071.0,2071.0,2063.0,2067.0
146,20000,6,2072.0,2072.0,2063.0,2067.0
147,20000,6,2072.0,2072.0,2064.0,2068.0
148,20000,6,2074.0,2074.0,2065.0,2069.0
149,20000,6,2076.0,2076.0,2065.0,2070.0
150,20000,6,2076.0,2076.0,2066.0,2071.0
151,20000,6,2076.0,2076.0,2067.0,2071.0
152,20000,6,2077.0,2077.0,2068.0,2072.0
153,20000,6,2077.0,2077.0,2068.0,2072.0
154,20000,6,2077.0,2077.0,2069.0,2073.0
155,20000,6,2078.0,2078.0,2069.0,2073.0
156,20000,6,2079.0,2079.0,2070.0,2074.0
157,20000,6,2081.0,2081.0,2070.0,2075.0
158,20000,6,2082.0,2082.0,2070.0,2075.0
159,20000,6,2082.0,2082.0,2070.0,2076.0
160,20000,6,2082.0,2082.0,2072.0,2077.0
161,20000,6,2083.0,2083.0,2073.0,2077.0
162,20000,6,2083.0,2083.0,2073.0,2078.0
163,20000,6,2083.0,2083.0,2074.0,2079.0
164,20000,6,2084.0,2084.0,2075.0,2079.0
165,20000,6,2084.0,2084.0,2077.0,2080.0
166,20000,6,2085.0,2085.0,2078.0,2081.0
167,20000,6,2086.0,2086.0,2078.0,2081.0
168,20000,6,2087.0,2087.0,2079.0,2082.0
169,20000,6,2087.0,2087.0,2079.0,2082.0
170,20000,6,2087.0,2087.0,2079.0,2083.0
171,20000,6,2087.0,2087.0,2081.0,2083.0
172,20000,6,2087.0,2087.0,2081.0,2084.0
173,20000,6,2089.0,2089.0,2081.0,2085.0
174,20000,6,2090.0,2090.0,2082.0,2085.0
175,20000,6,2091.0,2091.0,2083.0,2086.0
176,20000,6,2093.0,2093.0,2083.0,2086.0
177,20000,6,2093.0,2093.0,2083.0,2087.0
178,20000,6,2093.0,2093.0,2085.0,2087.0
179,20000,6,2093.0,2093.0,2085.0,2088.0
180,20000,6,2093.0,2093.0,2085.0,2088.0
181,20000,6,2093.0,2093.0,2086.0,2089.0
182,20000,6,2094.0,2094.0,2086.0,2089.0
183,20000,6,2094.0,2094.0,2087.0,2090.0
184,20000,6,2094.0,2094.0,2088.0,2090.0
185,20000,6,2095.0,2095.0,2088.0,2091.0
186,20000,6,2095.0,2095.0,2088.0,2091.0
187,20000,6,2097.0,2097.0,2090.0,2092.0
188,20000,6,2097.0,2097.0,2090.0,2092.0
189,20000,6,2097.0,2097.0,2091.0,2093.0
190,20000,6,2097.0,2097.0,2091.0,2093.0
191,20000,6,2098.0,2098.0,2091.0,2094.0
192,20000,6,2098.0,2098.0,2092.0,2094.0
193,20000,6,2099.0,2099.0,2092.0,2095.0
194,20000,6,2100.0,2100.0,2092.0,2095.0
195,20000,6,2100.0,2100.0,2093.0,2096.0
196,20000,6,2100.0,2100.0,2093.0,2096.0
197,20000,6,2100.0,2100.0,2094.0,2097.0
198,20000,6,2101.0,2101.0,2094.0,2097.0
199,20000,6,2101.0,2101.0,2096.0,2098.0
200,20000,6,2103.0,2103.0,2096.0,2098.0
201,20000,6,2104.0,2104.0,2096.0,2099.0
202,20000,6,2104.0,2104.0,2096.0,2099.0
203,20000,6,2104.0,2104.0,2097.0,2100.0
204,20000,6,2105.0,2105.0,2097.0,2100.0
205,20000,6,2105.0,2105.0,2098.0,2101.0
206,20000,6,2106.0,2106.0,2098.0,2102.0
207,20000,6,2106.0,2106.0,2098.0,2102.0
208,20000,6,2106.0,2106.0,2099.0,2103.0
209,20000,6,2107.0,2107.0,2099.0,2103.0
210,20000,6,2107.0,2107.0,2100.0,2104.0
211,20000,6,2107.0,2107.0,2101.0,2104.0
212,20000,6,2108.0,2108.0,2101.0,2105.0
213,20000,6,2108.0,2108.0,2102.0,2105.0
214,20000,6,2109.0,2109.0,2102.0,2105.0
215,20000,6,2109.0,2109.0,2104.0,2106.0
216,20000,6,2111.0,2111.0,2104.0,2107.0
217,20000,6,2111.0,2111.0,2104.0,2107.0
218,20000,6,2111.0,2111.0,2104.0,2107.0
219,20000,6,2112.0,2112.0,2106.0,2108.0
220,20000,6,2112.0,2112.0,2106.0,2108.0
221,20000,6,2113.0,2113.0,2106.0,2109.0
222,20000,6,2114.0,2114.0,2106.0,2109.0
223,20000,6,2114.0,2114.0,2107.0,2110.0
224,20000,6,2115.0,2115.0,2107.0,2110.0
225,20000,6,2115.0,2115.0,2107.0,2111.0
226,20000,6,2116.0,2116.0,2107.0,2111.0
227,20000,6,2116.0,2116.0,2109.0,2112.0
228,20000,6,2116.0,2116.0,2109.0,2113.0
229,20000,6,2117.0,2117.0,2109.0,2113.0
230,20000,6,2117.0,2117.0,2111.0,2114.0
231,20000,6,2119.0,2119.0,2111.0,2114.0
232,20000,6,2119.0,2119.0,2111.0,2115.0
233,20000,6,2119.0,2119.0,2111.0,2115.0
234,20000,6,2119.0,2119.0,2111.0,2116.0
235,20000,6,2120.0,2120.0,2112.0,2116.0
236,20000,6,2120.0,2120.0,2112.0,2117.0
237,20000,6,2120.0,2120.0,2114.0,2117.0
238,20000,6,2121.0,2121.0,2116.0,2118.0
239,20000,6,2121.0,2121.0,2117.0,2118.0
240,20000,6,2121.0,2121.0,2117.0,2119.0
241,20000,6,2121.0,2121.0,2117.0,2119.0
242,20000,6,2122.0,2122.0,2118.0,2120.0
243,20000,6,2122.0,2122.0,2118.0,2120.0
244,20000,6,2123.0,2123.0,2118.0,2120.0
245,20000,6,2123.0,2123.0,2118.0,2121.0
246,20000,6,2123.0,2123.0,2120.0,2121.0
247,20000,6,2125.0,2125.0,2121.0,2121.0
248,20000,6,2125.0,2125.0,2121.0,2122.0
249,20000,6,2125.0,2125.0,2121.0,2122.0
250,20000,6,2126.0,2126.0,2121.0,2123.0
251,20000,6,2126.0,2126.0,2121.0,2123.0
252,20000,6,2127.0,2127.0,2122.0,2124.0
253,20000,6,2127.0,2127.0,2122.0,2124.0
254,20000,6,2128.0,2128.0,2122.0,2125.0
255,20000,6,2128.0,2128.0,2123.0,2125.0
256,20000,6,2129.0,2129.0,2124.0,2126.0
257,20000,6,2129.0,2129.0,2124.0,2126.0
258,20000,6,2130.0,2130.0,2124.0,2127.0
259,20000,6,2131.0,2131.0,2125.0,2127.0
260,20000,6,2131.0,2131.0,2125.0,2128.0
261,20000,6,2132.0,2132.0,2126.0,2128.0
262,20000,6,2133.0,2133.0,2126.0,2128.0
263,20000,6,2133.0,2133.0,2127.0,2129.0
264,20000,6,2133.0,2133.0,2127.0,2129.0
265,20000,6,2134.0,2134.0,2128.0,2130.0
266,20000,6,2134.0,2134.0,2128.0,2130.0
267,20000,6,2136.0,2136.0,2129.0,2131.0
268,20000,6,2137.0,2137.0,2129.0,2131.0
269,20000,6,2137.0,2137.0,2129.0,2132.0
270,20000,6,2138.0,2138.0,2130.0,2132.0
271,20000,6,2139.0,2139.0,2130.0,2133.0
272,20000,6,2139.0,2139.0,2130.0,2134.0
273,20000,6,2139.0,2139.0,2130.0,2134.0
274,20000,6,2139.0,2139.0,2130.0,2135.0
275,20000,6,2140.0,2140.0,2130.0,2135.0
276,20000,6,2141.0,2141.0,2130.0,2136.0
277,20000,6,2141.0,2141.0,2133.0,2137.0
278,20000,6,2141.0,2141.0,2134.0,2137.0
279,20000,6,2141.0,2141.0,2134.0,2138.0
280,20000,6,2141.0,2141.0,2134.0,2138.0
281,20000,6,2141.0,2141.0,2135.0,2138.0
282,20000,6,2142.0,2142.0,2135.0,2139.0
283,20000,6,2142.0,2142.0,2136.0,2139.0
284,20000,6,2143.0,2143.0,2136.0,2140.0
285,20000,6,2144.0,2144.0,2138.0,2140.0
286,20000,6,2144.0,2144.0,2138.0,2141.0
287,20000,6,2144.0,2144.0,2139.0,2141.0
288,20000,6,2145.0,2145.0,2139.0,2142.0
289,20000,6,2145.0,2145.0,2141.0,2143.0
290,20000,6,2147.0,2147.0,2141.0,2143.0
291,20000,6,2148.0,2148.0,2141.0,2144.0
292,20000,6,2148.0,2148.0,2141.0,2144.0
293,20000,6,2148.0,2148.0,2142.0,2145.0
294,20000,6,2149.0,2149.0,2143.0,2145.0
295,20000,6,2150.0,2150.0,2144.0,2146.0
296,20000,6,2150.0,2150.0,2144.0,2146.0
297,20000,6,2152.0,2152.0,2144.0,2147.0
298,20000,6,2152.0,2152.0,2145.0,2147.0
299,20000,6,2152.0,2152.0,2145.0,2148.0
300,20000,6,2153.0,2153.0,2146.0,2148.0
301,20000,6,2153.0,2153.0,2147.0,2149.0
302,20000,6,2154.0,2154.0,2147.0,2150.0
303,20000,6,2155.0,2155.0,2147.0,2150.0
304,20000,6,2155.0,2155.0,2148.0,2151.0
305,20000,6,2156.0,2156.0,2149.0,2152.0
306,20000,6,2156.0,2156.0,2149.0,2152.0
307,20000,6,2156.0,2156.0,2150.0,2153.0
308,20000,6,2158.0,2158.0,2150.0,2153.0
309,20000,6,2158.0,2158.0,2151.0,2154.0
310,20000,6,2158.0,2158.0,2151.0,2154.0
311,20000,6,2158.0,2158.0,2152.0,2155.0
312,20000,6,2158.0,2158.0,2153.0,2155.0
313,20000,6,2159.0,2159.0,2154.0,2156.0
314,20000,6,2159.0,2159.0,2154.0,2156.0
315,20000,6,2161.0,2161.0,2154.0,2157.0
316,20000,6,2161.0,2161.0,2154.0,2157.0
317,20000,6,2161.0,2161.0,2155.0,2158.0
318,20000,6,2161.0,2161.0,2156.0,2158.0
319,20000,6,2162.0,2162.0,2156.0,2159.0
320,20000,6,2162.0,2162.0,2157.0,2159.0
321,20000,6,2162.0,2162.0,2157.0,2160.0
322,20000,6,2163.0,2163.0,2158.0,2160.0
323,20000,6,2163.0,2163.0,2159.0,2161.0
324,20000,6,2164.0,2164.0,2159.0,2161.0
325,20000,6,2164.0,2164.0,2160.0,2162.0
326,20000,6,2165.0,2165.0,2160.0,2162.0
327,20000,6,2166.0,2166.0,2161.0,2162.0
328,20000,6,2166.0,2166.0,2161.0,2163.0
329,20000,6,2166.0,2166.0,2162.0,2163.0
330,20000,6,2166.0,2166.0,2162.0,2164.0
331,20000,6,2166.0,2166.0,2162.0,2164.0
332,20000,6,2167.0,2167.0,2162.0,2164.0
333,20000,6,2167.0,2167.0,2163.0,2165.0
334,20000,6,2168.0,2168.0,2163.0,2165.0
335,20000,6,2168.0,2168.0,2163.0,2166.0
336,20000,6,2171.0,2171.0,2163.0,2166.0
337,20000,6,2171.0,2171.0,2163.0,2167.0
338,20000,6,2172.0,2172.0,2165.0,2167.0
339,20000,6,2172.0,2172.0,2165.0,2168.0
340,20000,6,2175.0,2175.0,2166.0,2168.0
341,20000,6,2175.0,2175.0,2167.0,2169.0
342,20000,6,2175.0,2175.0,2167.0,2170.0
343,20000,6,2176.0,2176.0,2167.0,2170.0
344,20000,6,2176.0,2176.0,2168.0,2171.0
345,20000,6,2177.0,2177.0,2169.0,2172.0
346,20000,6,2177.0,2177.0,2169.0,2172.0
347,20000,6,2177.0,2177.0,2169.0,2173.0
348,20000,6,2177.0,2177.0,2169.0,2174.0
349,20000,6,2178.0,2178.0,2171.0,2174.0
350,20000,6,2178.0,2178.0,2171.0,2175.0
351,20000,6,2179.0,2179.0,2171.0,2175.0
352,20000,6,2179.0,2179.0,2173.0,2176.0
353,20000,6,2180.0,2180.0,2174.0,2176.0
354,20000,6,2181.0,2181.0,2174.0,2177.0
355,20000,6,2182.0,2182.0,2174.0,2177.0
356,20000,6,2182.0,2182.0,2175.0,2178.0
357,20000,6,2182.0,2182.0,2175.0,2178.0
358,20000,6,2183.0,2183.0,2176.0,2179.0
359,20000,6,2183.0,2183.0,2177.0,2179.0
360,20000,6,2183.0,2183.0,2177.0,2179.0
361,20000,6,2183.0,2183.0,2177.0,2180.0
362,20000,6,2183.0,2183.0,2177.0,2180.0
363,20000,6,2183.0,2183.0,2178.0,2181.0
364,20000,6,2184.0,2184.0,2179.0,2181.0
365,20000,6,2185.0,2185.0,2179.0,2182.0
366,20000,6,2185.0,2185.0,2179.0,2182.0
367,20000,6,2186.0,2186.0,2180.0,2182.0
368,20000,6,2186.0,2186.0,2181.0,2183.0
369,20000,6,2186.0,2186.0,2182.0,2184.0
370,20000,6,2187.0,2187.0,2182.0,2184.0
371,20000,6,2187.0,2187.0,2183.0,2185.0
372,20000,6,2188.0,2188.0,2183.0,2185.0
373,20000,6,2189.0,2189.0,2184.0,2185.0
374,20000,6,2189.0,2189.0,2184.0,2186.0
375,20000,6,2189.0,2189.0,2184.0,2186.0
376,20000,6,2189.0,2189.0,2185.0,2187.0
377,20000,6,2189.0,2189.0,2185.0,2187.0
378,20000,6,2191.0,2191.0,2186.0,2188.0
379,20000,6,2191.0,2191.0,2186.0,2188.0
380,20000,6,2192.0,2192.0,2187.0,2189.0
381,20000,6,2192.0,2192.0,2187.0,2189.0
382,20000,6,2192.0,2192.0,2188.0,2190.0
383,20000,6,2193.0,2193.0,2188.0,2190.0
384,20000,6,2194.0,2194.0,2188.0,2191.0
385,20000,6,2194.0,2194.0,2188.0,2191.0
386,20000,6,2196.0,2196.0,2189.0,2191.0
387,20000,6,2196.0,2196.0,2190.0,2192.0
388,20000,6,2196.0,2196.0,2190.0,2192.0
389,20000,6,2196.0,2196.0,2191.0,2193.0
390,20000,6,2197.0,2197.0,2191.0,2193.0
391,20000,6,2197.0,2197.0,2192.0,2194.0
392,20000,6,2197.0,2197.0,2192.0,2194.0
393,20000,6,2198.0,2198.0,2192.0,2194.0
394,20000,6,2200.0,2200.0,2192.0,2195.0
395,20000,6,2200.0,2200.0,2193.0,2195.0
396,20000,6,2201.0,2201.0,2194.0,2196.0
397,20000,6,2201.0,2201.0,2194.0,2197.0
398,20000,6,2202.0,2202.0,2195.0,2197.0
399,20000,6,2202.0,2202.0,2195.0,2198.0
400,20000,6,2202.0,2202.0,2195.0,2198.0
401,20000,6,2203.0,2203.0,2196.0,2199.0
402,20000,6,2204.0,2204.0,2196.0,2199.0
403,20000,6,2204.0,2204.0,2197.0,2200.0
404,20000,6,2204.0,2204.0,2197.0,2200.0
405,20000,6,2204.0,2204.0,2198.0,2201.0
406,20000,6,2206.0,2206.0,2199.0,2201.0
407,20000,6,2206.0,2206.0,2199.0,2202.0
408,20000,6,2206.0,2206.0,2199.0,2202.0
409,20000,6,2207.0,2207.0,2199.0,2203.0
410,20000,6,2207.0,2207.0,2201.0,2203.0
411,20000,6,2207.0,2207.0,2201.0,2204.0
412,20000,6,2208.0,2208.0,2201.0,2204.0
413,20000,6,2208.0,2208.0,2202.0,2205.0
414,20000,6,2210.0,2210.0,2203.0,2205.0
415,20000,6,2210.0,2210.0,2204.0,2206.0
416,20000,6,2211.0,2211.0,2204.0,2207.0
417,20000,6,2211.0,2211.0,2204.0,2207.0
418,20000,6,2214.0,2214.0,2205.0,2208.0
419,20000,6,2214.0,2214.0,2205.0,2209.0
420,20000,6,2214.0,2214.0,2207.0,2209.0
421,20000,6,2215.0,2215.0,2207.0,2210.0
422,20000,6,2215.0,2215.0,2207.0,2210.0
423,20000,6,2215.0,2215.0,2208.0,2211.0
424,20000,6,2215.0,2215.0,2209.0,2212.0
425,20000,6,2217.0,2217.0,2210.0,2212.0
426,20000,6,2217.0,2217.0,2211.0,2213.0
427,20000,6,2218.0,2218.0,2212.0,2214.0
428,20000,6,2218.0,2218.0,2212.0,2214.0
429,20000,6,2218.0,2218.0,2213.0,2215.0
430,20000,6,2218.0,2218.0,2213.0,2215.0
431,20000,6,2219.0,2219.0,2214.0,2216.0
432,20000,6,2220.0,2220.0,2215.0,2216.0
433,20000,6,2220.0,2220.0,2215.0,2217.0
434,20000,6,2220.0,2220.0,2216.0,2217.0
435,20000,6,2222.0,2222.0,2216.0,2218.0
436,20000,6,2222.0,2222.0,2216.0,2218.0
437,20000,6,2223.0,2223.0,2217.0,2218.0
438,20000,6,2223.0,2223.0,2217.0,2219.0
439,20000,6,2223.0,2223.0,2217.0,2219.0
440,20000,6,2223.0,2223.0,2217.0,2220.0
441,20000,6,2224.0,2224.0,2219.0,2220.0
442,20000,6,2225.0,2225.0,2219.0,2221.0
443,20000,6,2225.0,2225.0,2219.0,2222.0
444,20000,6,2225.0,2225.0,2220.0,2222.0
445,20000,6,2227.0,2227.0,2220.0,2222.0
446,20000,6,2227.0,2227.0,2221.0,2223.0
447,20000,6,2227.0,2227.0,2221.0,2223.0
448,20000,6,2227.0,2227.0,2222.0,2224.0
449,20000,6,2228.0,2228.0,2223.0,2224.0
450,20000,6,2228.0,2228.0,2223.0,2225.0
451,20000,6,2229.0,2229.0,2223.0,2225.0
452,20000,6,2229.0,2229.0,2223.0,2226.0
453,20000,6,2230.0,2230.0,2223.0,2227.0
454,20000,6,2230.0,2230.0,2223.0,2227.0
455,20000,6,2231.0,2231.0,2225.0,2228.0
456,20000,6,2232.0,2232.0,2226.0,2228.0
457,20000,6,2232.0,2232.0,2227.0,2229.0
458,20000,6,2232.0,2232.0,2227.0,2229.0
459,20000,6,2233.0,2233.0,2227.0,2230.0
460,20000,6,2233.0,2233.0,2228.0,2231.0
461,20000,6,2234.0,2234.0,2229.0,2231.0
462,20000,6,2235.0,2235.0,2229.0,2231.0
463,20000,6,2235.0,2235.0,2230.0,2232.0
464,20000,6,2236.0,2236.0,2230.0,2232.0
465,20000,6,2237.0,2237.0,2230.0,2233.0
466,20000,6,2237.0,2237.0,2230.0,2233.0
467,20000,6,2237.0,2237.0,2231.0,2234.0
468,20000,6,2238.0,2238.0,2232.0,2234.0
469,20000,6,2238.0,2238.0,2232.0,2235.0
470,20000,6,2240.0,2240.0,2233.0,2235.0
471,20000,6,2241.0,2241.0,2233.0,2236.0
472,20000,6,2241.0,2241.0,2234.0,2236.0
473,20000,6,2241.0,2241.0,2235.0,2237.0
474,20000,6,2243.0,2243.0,2235.0,2237.0
475,20000,6,2243.0,2243.0,2235.0,2238.0
476,20000,6,2244.0,2244.0,2236.0,2239.0
477,20000,6,2244.0,2244.0,2236.0,2239.0
478,20000,6,2244.0,2244.0,2237.0,2240.0
479,20000,6,2244.0,2244.0,2237.0,2240.0
480,20000,6,2246.0,2246.0,2238.0,2241.0
481,20000,6,2246.0,2246.0,2239.0,2242.0
482,20000,6,2247.0,2247.0,2239.0,2242.0
483,20000,6,2248.0,2248.0,2240.0,2242.0
484,20000,6,2248.0,2248.0,2240.0,2243.0
485,20000,6,2248.0,2248.0,2240.0,2243.0
486,20000,6,2249.0,2249.0,2240.0,2244.0
487,20000,6,2249.0,2249.0,2241.0,2244.0
488,20000,6,2249.0,2249.0,2242.0,2245.0
489,20000,6,2250.0,2250.0,2243.0,2245.0
490,20000,6,2250.0,2250.0,2243.0,2246.0
491,20000,6,2252.0,2252.0,2243.0,2246.0
492,20000,6,2252.0,2252.0,2243.0,2247.0
493,20000,6,2252.0,2252.0,2243.0,2247.0
494,20000,6,2252.0,2252.0,2245.0,2248.0
495,20000,6,2252.0,2252.0,2245.0,2248.0
496,20000,6,2253.0,2253.0,2245.0,2249.0
497,20000,6,2253.0,2253.0,2245.0,2249.0
498,20000,6,2254.0,2254.0,2245.0,2250.0
499,20000,6,2256.0,2256.0,2247.0,2251.0
500,20000,6,2256.0,2256.0,2248.0,2251.0
501,20000,6,2257.0,2257.0,2248.0,2252.0
502,20000,6,2257.0,2257.0,2250.0,2252.0
503,20000,6,2258.0,2258.0,2250.0,2253.0
504,20000,6,2258.0,2258.0,2250.0,2254.0
505,20000,6,2259.0,2259.0,2250.0,2254.0
506,20000,6,2259.0,2259.0,2252.0,2255.0
507,20000,6,2260.0,2260.0,2252.0,2256.0
508,20000,6,2261.0,2261.0,2252.0,2256.0
509,20000,6,2261.0,2261.0,2253.0,2257.0
510,20000,6,2261.0,2261.0,2253.0,2257.0
511,20000,6,2261.0,2261.0,2254.0,2257.0
512,20000,6,2262.0,2262.0,2255.0,2258.0
513,20000,6,2264.0,2264.0,2255.0,2259.0
514,20000,6,2264.0,2264.0,2256.0,2259.0
515,20000,6,2264.0,2264.0,2256.0,2260.0
516,20000,6,2264.0,2264.0,2257.0,2260.0
517,20000,6,2264.0,2264.0,2257.0,2261.0
518,20000,6,2266.0,2266.0,2258.0,2261.0
519,20000,6,2266.0,2266.0,2258.0,2262.0
520,20000,6,2266.0,2266.0,2259.0,2262.0
521,20000,6,2267.0,2267.0,2259.0,2263.0
522,20000,6,2267.0,2267.0,2259.0,2263.0
523,20000,6,2269.0,2269.0,2260.0,2264.0
524,20000,6,2269.0,2269.0,2261.0,2264.0
525,20000,6,2269.0,2269.0,2262.0,2265.0
526,20000,6,2269.0,2269.0,2262.0,2265.0
527,20000,6,2270.0,2270.0,2262.0,2266.0
528,20000,6,2270.0,2270.0,2262.0,2266.0
529,20000,6,2270.0,2270.0,2264.0,2267.0
530,20000,6,2270.0,2270.0,2264.0,2267.0
531,20000,6,2271.0,2271.0,2264.0,2268.0
532,20000,6,2271.0,2271.0,2264.0,2268.0
533,20000,6,2272.0,2272.0,2265.0,2269.0
534,20000,6,2272.0,2272.0,2265.0,2269.0
535,20000,6,2272.0,2272.0,2265.0,2269.0
536,20000,6,2272.0,2272.0,2267.0,2270.0
537,20000,6,2273.0,2273.0,2267.0,2270.0
538,20000,6,2273.0,2273.0,2267.0,2270.0
539,20000,6,2273.0,2273.0,2269.0,2271.0
540,20000,6,2275.0,2275.0,2269.0,2271.0
541,20000,6,2275.0,2275.0,2270.0,2272.0
542,20000,6,2276.0,2276.0,2270.0,2272.0
543,20000,6,2276.0,2276.0,2271.0,2273.0
544,20000,6,2276.0,2276.0,2271.0,2273.0
545,20000,6,2276.0,2276.0,2272.0,2273.0
546,20000,6,2277.0,2277.0,2272.0,2274.0
547,20000,6,2277.0,2277.0,2272.0,2274.0
548,20000,6,2277.0,2277.0,2273.0,2275.0
549,20000,6,2278.0,2278.0,2273.0,2275.0
550,20000,6,2279.0,2279.0,2274.0,2276.0
551,20000,6,2279.0,2279.0,2274.0,2276.0
552,20000,6,2280.0,2280.0,2274.0,2276.0
553,20000,6,2282.0,2282.0,2275.0,2277.0
554,20000,6,2282.0,2282.0,2275.0,2277.0
555,20000,6,2282.0,2282.0,2275.0,2278.0
556,20000,6,2283.0,2283.0,2276.0,2278.0
557,20000,6,2283.0,2283.0,2276.0,2279.0
558,20000,6,2283.0,2283.0,2276.0,2279.0
559,20000,6,2283.0,2283.0,2277.0,2280.0
560,20000,6,2283.0,2283.0,2277.0,2280.0
561,20000,6,2283.0,2283.0,2278.0,2281.0
562,20000,6,2284.0,2284.0,2278.0,2281.0
563,20000,6,2285.0,2285.0,2278.0,2281.0
564,20000,6,2285.0,2285.0,2278.0,2282.0
565,20000,6,2285.0,2285.0,2280.0,2282.0
566,20000,6,2286.0,2286.0,2280.0,2283.0
567,20000,6,2286.0,2286.0,2281.0,2283.0
568,20000,6,2286.0,2286.0,2281.0,2284.0
569,20000,6,2287.0,2287.0,2282.0,2284.0
570,20000,6,2288.0,2288.0,2283.0,2285.0
571,20000,6,2288.0,2288.0,2283.0,2285.0
572,20000,6,2288.0,2288.0,2283.0,2285.0
573,20000,6,2289.0,2289.0,2284.0,2286.0
574,20000,6,2289.0,2289.0,2284.0,2286.0
575,20000,6,2290.0,2290.0,2285.0,2286.0
576,20000,6,2290.0,2290.0,2285.0,2287.0
577,20000,6,2291.0,2291.0,2286.0,2287.0
578,20000,6,2291.0,2291.0,2286.0,2288.0
579,20000,6,2291.0,2291.0,2287.0,2288.0
580,20000,6,2292.0,2292.0,2287.0,2289.0
581,20000,6,2293.0,2293.0,2287.0,2289.0
582,20000,6,2293.0,2293.0,2287.0,2289.0
583,20000,6,2293.0,2293.0,2288.0,2290.0
584,20000,6,2293.0,2293.0,2289.0,2290.0
585,20000,6,2295.0,2295.0,2289.0,2291.0
586,20000,6,2295.0,2295.0,2289.0,2291.0
587,20000,6,2295.0,2295.0,2289.0,2292.0
588,20000,6,2295.0,2295.0,2289.0,2292.0
589,20000,6,2295.0,2295.0,2290.0,2293.0
590,20000,6,2297.0,2297.0,2291.0,2293.0
591,20000,6,2297.0,2297.0,2292.0,2294.0
592,20000,6,2298.0,2298.0,2292.0,2294.0
593,20000,6,2298.0,2298.0,2293.0,2295.0
594,20000,6,2298.0,2298.0,2294.0,2295.0
595,20000,6,2298.0,2298.0,2294.0,2295.0
596,20000,6,2299.0,2299.0,2294.0,2296.0
597,20000,6,2300.0,2300.0,2294.0,2296.0
598,20000,6,2300.0,2300.0,2295.0,2297.0
599,20000,6,2300.0,2300.0,2295.0,2297.0
600,20000,6,2300.0,2300.0,2295.0,2298.0
601,20000,6,2301.0,2301.0,2296.0,2298.0
602,20000,6,2301.0,2301.0,2296.0,2299.0
603,20000,6,2302.0,2302.0,2297.0,2299.0
604,20000,6,2303.0,2303.0,2297.0,2300.0
605,20000,6,2303.0,2303.0,2299.0,2300.0
606,20000,6,2304.0,2304.0,2299.0,2301.0
607,20000,6,2304.0,2304.0,2299.0,2301.0
608,20000,6,2306.0,2306.0,2300.0,2302.0
609,20000,6,2306.0,2306.0,2300.0,2302.0
610,20000,6,2306.0,2306.0,2301.0,2303.0
611,20000,6,2307.0,2307.0,2301.0,2303.0
612,20000,6,2308.0,2308.0,2301.0,2304.0
613,20000,6,2308.0,2308.0,2302.0,2305.0
614,20000,6,2309.0,2309.0,2302.0,2305.0
615,20000,6,2311.0,2311.0,2303.0,2306.0
616,20000,6,2311.0,2311.0,2303.0,2306.0
617,20000,6,2311.0,2311.0,2303.0,2307.0
618,20000,6,2311.0,2311.0,2304.0,2307.0
619,20000,6,2311.0,2311.0,2304.0,2308.0
620,20000,6,2311.0,2311.0,2305.0,2308.0
621,20000,6,2311.0,2311.0,2306.0,2309.0
622,20000,6,2312.0,2312.0,2306.0,2309.0
623,20000,6,2312.0,2312.0,2307.0,2310.0
624,20000,6,2313.0,2313.0,2307.0,2310.0
625,20000,6,2315.0,2315.0,2308.0,2310.0
626,20000,6,2315.0,2315.0,2309.0,2311.0
627,20000,6,2315.0,2315.0,2309.0,2311.0
628,20000,6,2315.0,2315.0,2309.0,2311.0
629,20000,6,2315.0,2315.0,2309.0,2312.0
630,20000,6,2315.0,2315.0,2310.0,2312.0
631,20000,6,2316.0,2316.0,2311.0,2313.0
632,20000,6,2316.0,2316.0,2312.0,2313.0
633,20000,6,2317.0,2317.0,2312.0,2314.0
634,20000,6,2317.0,2317.0,2312.0,2314.0
635,20000,6,2317.0,2317.0,2313.0,2315.0
636,20000,6,2317.0,2317.0,2313.0,2315.0
637,20000,6,2319.0,2319.0,2313.0,2315.0
638,20000,6,2319.0,2319.0,2313.0,2316.0
639,20000,6,2319.0,2319.0,2315.0,2316.0
640,20000,6,2321.0,2321.0,2315.0,2317.0
641,20000,6,2321.0,2321.0,2315.0,2317.0
642,20000,6,2321.0,2321.0,2315.0,2317.0
643,20000,6,2321.0,2321.0,2316.0,2318.0
644,20000,6,2321.0,2321.0,2316.0,2318.0
645,20000,6,2322.0,2322.0,2317.0,2319.0
646,20000,6,2323.0,2323.0,2317.0,2319.0
647,20000,6,2323.0,2323.0,2317.0,2319.0
648,20000,6,2323.0,2323.0,2318.0,2320.0
649,20000,6,2323.0,2323.0,2318.0,2320.0
650,20000,6,2324.0,2324.0,2319.0,2320.0
651,20000,6,2324.0,2324.0,2319.0,2321.0
652,20000,6,2325.0,2325.0,2319.0,2321.0
653,20000,6,2325.0,2325.0,2320.0,2322.0
654,20000,6,2325.0,2325.0,2320.0,2322.0
655,20000,6,2326.0,2326.0,2321.0,2322.0
656,20000,6,2327.0,2327.0,2321.0,2323.0
657,20000,6,2327.0,2327.0,2321.0,2323.0
658,20000,6,2327.0,2327.0,2321.0,2324.0
659,20000,6,2328.0,2328.0,2322.0,2324.0
660,20000,6,2328.0,2328.0,2323.0,2325.0
661,20000,6,2328.0,2328.0,2323.0,2326.0
662,20000,6,2330.0,2330.0,2323.0,2326.0
663,20000,6,2331.0,2331.0,2325.0,2327.0
664,20000,6,2331.0,2331.0,2325.0,2327.0
665,20000,6,2331.0,2331.0,2325.0,2328.0
666,20000,6,2332.0,2332.0,2326.0,2328.0
667,20000,6,2332.0,2332.0,2327.0,2329.0
668,20000,6,2332.0,2332.0,2327.0,2329.0
669,20000,6,2335.0,2335.0,2327.0,2330.0
670,20000,6,2335.0,2335.0,2328.0,2330.0
671,20000,6,2335.0,2335.0,2328.0,2330.0
672,20000,6,2335.0,2335.0,2328.0,2331.0
673,20000,6,2335.0,2335.0,2329.0,2332.0
674,20000,6,2336.0,2336.0,2330.0,2332.0
675,20000,6,2336.0,2336.0,2331.0,2333.0
676,20000,6,2336.0,2336.0,2331.0,2333.0
677,20000,6,2339.0,2339.0,2332.0,2334.0
678,20000,6,2339.0,2339.0,2332.0,2334.0
679,20000,6,2339.0,2339.0,2333.0,2335.0
680,20000,6,2339.0,2339.0,2333.0,2335.0
681,20000,6,2340.0,2340.0,2334.0,2336.0
682,20000,6,2340.0,2340.0,2334.0,2336.0
683,20000,6,2340.0,2340.0,2334.0,2337.0
684,20000,6,2342.0,2342.0,2336.0,2338.0
685,20000,6,2342.0,2342.0,2336.0,2338.0
686,20000,6,2342.0,2342.0,2336.0,2339.0
687,20000,6,2343.0,2343.0,2336.0,2339.0
688,20000,6,2343.0,2343.0,2337.0,2340.0
689,20000,6,2344.0,2344.0,2337.0,2340.0
690,20000,6,2344.0,2344.0,2338.0,2341.0
691,20000,6,2345.0,2345.0,2338.0,2341.0
692,20000,6,2347.0,2347.0,2339.0,2342.0
693,20000,6,2347.0,2347.0,2339.0,2342.0
694,20000,6,2347.0,2347.0,2339.0,2343.0
695,20000,6,2347.0,2347.0,2340.0,2343.0
696,20000,6,2348.0,2348.0,2340.0,2344.0
697,20000,6,2348.0,2348.0,2341.0,2344.0
698,20000,6,2349.0,2349.0,2342.0,2344.0
699,20000,6,2349.0,2349.0,2343.0,2345.0
700,20000,6,2349.0,2349.0,2343.0,2345.0
701,20000,6,2350.0,2350.0,2343.0,2346.0
702,20000,6,2350.0,2350.0,2343.0,2346.0
703,20000,6,2350.0,2350.0,2343.0,2347.0
704,20000,6,2350.0,2350.0,2344.0,2347.0
705,20000,6,2351.0,2351.0,2344.0,2348.0
706,20000,6,2351.0,2351.0,2344.0,2348.0
707,20000,6,2351.0,2351.0,2345.0,2349.0
708,20000,6,2352.0,2352.0,2347.0,2349.0
709,20000,6,2353.0,2353.0,2348.0,2350.0
710,20000,6,2353.0,2353.0,2348.0,2350.0
711,20000,6,2353.0,2353.0,2349.0,2350.0
712,20000,6,2354.0,2354.0,2349.0,2351.0
713,20000,6,2354.0,2354.0,2349.0,2351.0
714,20000,6,2355.0,2355.0,2350.0,2352.0
715,20000,6,2356.0,2356.0,2350.0,2352.0
716,20000,6,2356.0,2356.0,2351.0,2353.0
717,20000,6,2357.0,2357.0,2352.0,2353.0
718,20000,6,2357.0,2357.0,2352.0,2354.0
719,20000,6,2358.0,2358.0,2352.0,2354.0
720,20000,6,2358.0,2358.0,2353.0,2355.0
721,20000,6,2359.0,2359.0,2354.0,2355.0
722,20000,6,2361.0,2361.0,2354.0,2356.0
723,20000,6,2361.0,2361.0,2354.0,2356.0
724,20000,6,2362.0,2362.0,2355.0,2357.0
725,20000,6,2362.0,2362.0,2355.0,2357.0
726,20000,6,2362.0,2362.0,2355.0,2358.0
727,20000,6,2362.0,2362.0,2356.0,2358.0
728,20000,6,2362.0,2362.0,2356.0,2359.0
729,20000,6,2363.0,2363.0,2357.0,2359.0
730,20000,6,2364.0,2364.0,2358.0,2360.0
731,20000,6,2364.0,2364.0,2358.0,2360.0
732,20000,6,2365.0,2365.0,2358.0,2361.0
733,20000,6,2365.0,2365.0,2360.0,2361.0
734,20000,6,2365.0,2365.0,2360.0,2362.0
735,20000,6,2366.0,2366.0,2360.0,2362.0
736,20000,6,2367.0,2367.0,2361.0,2362.0
737,20000,6,2368.0,2368.0,2361.0,2363.0
738,20000,6,2369.0,2369.0,2361.0,2363.0
739,20000,6,2369.0,2369.0,2362.0,2364.0
740,20000,6,2370.0,2370.0,2362.0,2364.0
741,20000,6,2370.0,2370.0,2362.0,2364.0
742,20000,6,2370.0,2370.0,2363.0,2365.0
743,20000,6,2370.0,2370.0,2363.0,2365.0
744,20000,6,2370.0,2370.0,2364.0,2366.0
745,20000,6,2370.0,2370.0,2364.0,2366.0
746,20000,6,2370.0,2370.0,2364.0,2367.0
747,20000,6,2371.0,2371.0,2365.0,2367.0
748,20000,6,2371.0,2371.0,2365.0,2368.0
749,20000,6,2372.0,2372.0,2365.0,2368.0
750,20000,6,2372.0,2372.0,2366.0,2369.0
751,20000,6,2372.0,2372.0,2367.0,2369.0
752,20000,6,2372.0,2372.0,2368.0,2369.0
753,20000,6,2372.0,2372.0,2368.0,2370.0
754,20000,6,2373.0,2373.0,2368.0,2370.0
755,20000,6,2373.0,2373.0,2368.0,2371.0
756,20000,6,2374.0,2374.0,2369.0,2371.0
757,20000,6,2374.0,2374.0,2369.0,2372.0
758,20000,6,2375.0,2375.0,2369.0,2372.0
759,20000,6,2376.0,2376.0,2370.0,2372.0
760,20000,6,2376.0,2376.0,2371.0,2373.0
761,20000,6,2377.0,2377.0,2371.0,2373.0
762,20000,6,2377.0,2377.0,2372.0,2374.0
763,20000,6,2379.0,2379.0,2372.0,2374.0
764,20000,6,2379.0,2379.0,2373.0,2375.0
765,20000,6,2379.0,2379.0,2373.0,2375.0
766,20000,6,2380.0,2380.0,2374.0,2376.0
767,20000,6,2381.0,2381.0,2374.0,2376.0
768,20000,6,2381.0,2381.0,2374.0,2377.0
769,20000,6,2381.0,2381.0,2374.0,2377.0
770,20000,6,2381.0,2381.0,2374.0,2377.0
771,20000,6,2381.0,2381.0,2375.0,2378.0
772,20000,6,2382.0,2382.0,2375.0,2378.0
773,20000,6,2382.0,2382.0,2376.0,2379.0
774,20000,6,2382.0,2382.0,2376.0,2379.0
775,20000,6,2382.0,2382.0,2377.0,2380.0
776,20000,6,2383.0,2383.0,2377.0,2380.0
777,20000,6,2384.0,2384.0,2378.0,2380.0
778,20000,6,2384.0,2384.0,2379.0,2381.0
779,20000,6,2384.0,2384.0,2379.0,2381.0
780,20000,6,2385.0,2385.0,2379.0,2381.0
781,20000,6,2385.0,2385.0,2380.0,2382.0
782,20000,6,2385.0,2385.0,2380.0,2382.0
783,20000,6,2385.0,2385.0,2381.0,2382.0
784,20000,6,2386.0,2386.0,2381.0,2383.0
785,20000,6,2387.0,2387.0,2381.0,2383.0
786,20000,6,2387.0,2387.0,2381.0,2384.0
787,20000,6,2389.0,2389.0,2382.0,2384.0
788,20000,6,2389.0,2389.0,2383.0,2384.0
789,20000,6,2389.0,2389.0,2383.0,2385.0
790,20000,6,2389.0,2389.0,2383.0,2385.0
791,20000,6,2389.0,2389.0,2384.0,2386.0
792,20000,6,2389.0,2389.0,2384.0,2386.0
793,20000,6,2389.0,2389.0,2385.0,2387.0
794,20000,6,2389.0,2389.0,2385.0,2387.0
795,20000,6,2390.0,2390.0,2385.0,2387.0
796,20000,6,2390.0,2390.0,2386.0,2388.0
797,20000,6,2391.0,2391.0,2386.0,2388.0
798,20000,6,2391.0,2391.0,2387.0,2389.0
799,20000,6,2392.0,2392.0,2388.0,2389.0
800,20000,6,2392.0,2392.0,2388.0,2390.0
801,20000,6,2392.0,2392.0,2388.0,2390.0
802,20000,6,2393.0,2393.0,2390.0,2391.0
803,20000,6,2393.0,2393.0,2390.0,2391.0
804,20000,6,2393.0,2393.0,2390.0,2391.0
805,20000,6,2393.0,2393.0,2391.0,2392.0
806,20000,6,2394.0,2394.0,2391.0,2392.0
807,20000,6,2394.0,2394.0,2391.0,2392.0
808,20000,6,2395.0,2395.0,2391.0,2393.0
809,20000,6,2395.0,2395.0,2392.0,2393.0
810,20000,6,2396.0,2396.0,2392.0,2393.0
811,20000,6,2396.0,2396.0,2392.0,2394.0
812,20000,6,2396.0,2396.0,2392.0,2394.0
813,20000,6,2397.0,2397.0,2393.0,2394.0
814,20000,6,2398.0,2398.0,2393.0,2395.0
815,20000,6,2398.0,2398.0,2394.0,2395.0
816,20000,6,2398.0,2398.0,2394.0,2396.0
817,20000,6,2399.0,2399.0,2395.0,2396.0
818,20000,6,2401.0,2401.0,2395.0,2397.0
819,20000,6,2401.0,2401.0,2395.0,2397.0
820,20000,6,2401.0,2401.0,2395.0,2397.0
821,20000,6,2401.0,2401.0,2396.0,2398.0
822,20000,6,2402.0,2402.0,2396.0,2398.0
823,20000,6,2402.0,2402.0,2396.0,2399.0
824,20000,6,2402.0,2402.0,2396.0,2399.0
825,20000,6,2404.0,2404.0,2397.0,2399.0
826,20000,6,2404.0,2404.0,2398.0,2400.0
827,20000,6,2404.0,2404.0,2399.0,2400.0
828,20000,6,2404.0,2404.0,2399.0,2400.0
829,20000,6,2405.0,2405.0,2399.0,2401.0
830,20000,6,2405.0,2405.0,2400.0,2401.0
831,20000,6,2405.0,2405.0,2400.0,2402.0
832,20000,6,2406.0,2406.0,2400.0,2402.0
833,20000,6,2406.0,2406.0,2400.0,2403.0
834,20000,6,2407.0,2407.0,2401.0,2404.0
835,20000,6,2407.0,2407.0,2402.0,2404.0
836,20000,6,2408.0,2408.0,2403.0,2405.0
837,20000,6,2408.0,2408.0,2403.0,2405.0
838,20000,6,2408.0,2408.0,2404.0,2405.0
839,20000,6,2409.0,2409.0,2404.0,2406.0
840,20000,6,2409.0,2409.0,2404.0,2406.0
841,20000,6,2409.0,2409.0,2404.0,2406.0
842,20000,6,2411.0,2411.0,2405.0,2407.0
843,20000,6,2412.0,2412.0,2405.0,2407.0
844,20000,6,2412.0,2412.0,2406.0,2408.0
845,20000,6,2412.0,2412.0,2406.0,2408.0
846,20000,6,2413.0,2413.0,2407.0,2408.0
847,20000,6,2413.0,2413.0,2407.0,2409.0
848,20000,6,2413.0,2413.0,2407.0,2409.0
849,20000,6,2414.0,2414.0,2407.0,2410.0
850,20000,6,2415.0,2415.0,2408.0,2410.0
851,20000,6,2415.0,2415.0,2409.0,2411.0
852,20000,6,2415.0,2415.0,2409.0,2411.0
853,20000,6,2416.0,2416.0,2409.0,2412.0
854,20000,6,2416.0,2416.0,2410.0,2412.0
855,20000,6,2416.0,2416.0,2410.0,2413.0
856,20000,6,2416.0,2416.0,2411.0,2413.0
857,20000,6,2417.0,2417.0,2411.0,2414.0
858,20000,6,2418.0,2418.0,2412.0,2415.0
859,20000,6,2420.0,2420.0,2413.0,2415.0
860,20000,6,2420.0,2420.0,2413.0,2416.0
861,20000,6,2420.0,2420.0,2414.0,2416.0
862,20000,6,2422.0,2422.0,2414.0,2416.0
863,20000,6,2423.0,2423.0,2415.0,2417.0
864,20000,6,2423.0,2423.0,2416.0,2418.0
865,20000,6,2423.0,2423.0,2416.0,2418.0
866,20000,6,2423.0,2423.0,2417.0,2419.0
867,20000,6,2423.0,2423.0,2417.0,2419.0
868,20000,6,2423.0,2423.0,2418.0,2419.0
869,20000,6,2423.0,2423.0,2418.0,2420.0
870,20000,6,2424.0,2424.0,2418.0,2420.0
871,20000,6,2424.0,2424.0,2418.0,2421.0
872,20000,6,2424.0,2424.0,2418.0,2421.0
873,20000,6,2425.0,2425.0,2418.0,2421.0
874,20000,6,2425.0,2425.0,2419.0,2422.0
875,20000,6,2426.0,2426.0,2420.0,2422.0
876,20000,6,2426.0,2426.0,2421.0,2423.0
877,20000,6,2427.0,2427.0,2421.0,2423.0
878,20000,6,2427.0,2427.0,2421.0,2424.0
879,20000,6,2427.0,2427.0,2421.0,2424.0
880,20000,6,2428.0,2428.0,2421.0,2425.0
881,20000,6,2428.0,2428.0,2423.0,2425.0
882,20000,6,2430.0,2430.0,2423.0,2426.0
883,20000,6,2430.0,2430.0,2424.0,2426.0
884,20000,6,2430.0,2430.0,2424.0,2426.0
885,20000,6,2431.0,2431.0,2425.0,2427.0
886,20000,6,2432.0,2432.0,2425.0,2427.0
887,20000,6,2432.0,2432.0,2425.0,2428.0
888,20000,6,2432.0,2432.0,2426.0,2428.0
889,20000,6,2433.0,2433.0,2426.0,2429.0
890,20000,6,2433.0,2433.0,2426.0,2429.0
891,20000,6,2435.0,2435.0,2427.0,2430.0
892,20000,6,2435.0,2435.0,2427.0,2430.0
893,20000,6,2435.0,2435.0,2427.0,2430.0
894,20000,6,2435.0,2435.0,2427.0,2431.0
895,20000,6,2435.0,2435.0,2427.0,2431.0
896,20000,6,2437.0,2437.0,2428.0,2431.0
897,20000,6,2437.0,2437.0,2429.0,2432.0
898,20000,6,2437.0,2437.0,2430.0,2433.0
899,20000,6,2438.0,2438.0,2430.0,2433.0
900,20000,6,2439.0,2439.0,2430.0,2434.0
901,20000,6,2440.0,2440.0,2431.0,2435.0
902,20000,6,2440.0,2440.0,2432.0,2435.0
903,20000,6,2440.0,2440.0,2432.0,2436.0
904,20000,6,2440.0,2440.0,2432.0,2436.0
905,20000,6,2440.0,2440.0,2433.0,2437.0
906,20000,6,2441.0,2441.0,2433.0,2437.0
907,20000,6,2443.0,2443.0,2433.0,2438.0
908,20000,6,2443.0,2443.0,2434.0,2439.0
909,20000,6,2444.0,2444.0,2435.0,2439.0
910,20000,6,2445.0,2445.0,2435.0,2440.0
911,20000,6,2445.0,2445.0,2435.0,2440.0
912,20000,6,2445.0,2445.0,2436.0,2441.0
913,20000,6,2446.0,2446.0,2440.0,2442.0
914,20000,6,2446.0,2446.0,2440.0,2442.0
915,20000,6,2448.0,2448.0,2440.0,2443.0
916,20000,6,2448.0,2448.0,2440.0,2444.0
917,20000,6,2449.0,2449.0,2441.0,2444.0
918,20000,6,2450.0,2450.0,2441.0,2445.0
919,20000,6,2451.0,2451.0,2443.0,2445.0
920,20000,6,2451.0,2451.0,2443.0,2446.0
921,20000,6,2451.0,2451.0,2443.0,2446.0
922,20000,6,2452.0,2452.0,2443.0,2447.0
923,20000,6,2454.0,2454.0,2444.0,2447.0
924,20000,6,2454.0,2454.0,2444.0,2448.0
925,20000,6,2454.0,2454.0,2444.0,2448.0
926,20000,6,2454.0,2454.0,2444.0,2449.0
927,20000,6,2454.0,2454.0,2444.0,2449.0
928,20000,6,2454.0,2454.0,2447.0,2450.0
929,20000,6,2454.0,2454.0,2447.0,2450.0
930,20000,6,2455.0,2455.0,2448.0,2451.0
931,20000,6,2455.0,2455.0,2448.0,2451.0
932,20000,6,2456.0,2456.0,2449.0,2452.0
933,20000,6,2456.0,2456.0,2449.0,2452.0
934,20000,6,2456.0,2456.0,2449.0,2453.0
935,20000,6,2457.0,2457.0,2450.0,2453.0
936,20000,6,2457.0,2457.0,2450.0,2454.0
937,20000,6,2458.0,2458.0,2450.0,2454.0
938,20000,6,2458.0,2458.0,2453.0,2455.0
939,20000,6,2458.0,2458.0,2454.0,2455.0
940,20000,6,2458.0,2458.0,2454.0,2455.0
941,20000,6,2458.0,2458.0,2454.0,2456.0
942,20000,6,2459.0,2459.0,2455.0,2456.0
943,20000,6,2459.0,2459.0,2455.0,2457.0
944,20000,6,2460.0,2460.0,2455.0,2457.0
945,20000,6,2460.0,2460.0,2456.0,2457.0
946,20000,6,2460.0,2460.0,2456.0,2457.0
947,20000,6,2460.0,2460.0,2457.0,2458.0
948,20000,6,2460.0,2460.0,2457.0,2458.0
949,20000,6,2460.0,2460.0,2457.0,2458.0
950,20000,6,2461.0,2461.0,2458.0,2458.0
951,20000,6,2461.0,2461.0,2458.0,2459.0
952,20000,6,2461.0,2461.0,2458.0,2459.0
953,20000,6,2462.0,2462.0,2458.0,2459.0
954,20000,6,2463.0,2463.0,2458.0,2460.0
955,20000,6,2463.0,2463.0,2459.0,2460.0
956,20000,6,2463.0,2463.0,2459.0,2461.0
957,20000,6,2463.0,2463.0,2460.0,2461.0
958,20000,6,2464.0,2464.0,2460.0,2461.0
959,20000,6,2464.0,2464.0,2460.0,2462.0
960,20000,6,2465.0,2465.0,2461.0,2462.0
961,20000,6,2466.0,2466.0,2461.0,2463.0
962,20000,6,2466.0,2466.0,2461.0,2463.0
963,20000,6,2466.0,2466.0,2462.0,2463.0
964,20000,6,2468.0,2468.0,2462.0,2464.0
965,20000,6,2468.0,2468.0,2463.0,2464.0
966,20000,6,2469.0,2469.0,2463.0,2464.0
967,20000,6,2469.0,2469.0,2463.0,2465.0
968,20000,6,2469.0,2469.0,2463.0,2465.0
969,20000,6,2469.0,2469.0,2464.0,2466.0
970,20000,6,2469.0,2469.0,2464.0,2466.0
971,20000,6,2469.0,2469.0,2464.0,2466.0
972,20000,6,2471.0,2471.0,2465.0,2467.0
973,20000,6,2471.0,2471.0,2465.0,2467.0
974,20000,6,2471.0,2471.0,2465.0,2467.0
975,20000,6,2472.0,2472.0,2465.0,2468.0
976,20000,6,2472.0,2472.0,2466.0,2468.0
977,20000,6,2474.0,2474.0,2466.0,2469.0
978,20000,6,2474.0,2474.0,2466.0,2469.0
979,20000,6,2474.0,2474.0,2467.0,2470.0
980,20000,6,2474.0,2474.0,2467.0,2470.0
981,20000,6,2475.0,2475.0,2467.0,2471.0
982,20000,6,2475.0,2475.0,2468.0,2471.0
983,20000,6,2476.0,2476.0,2468.0,2472.0
984,20000,6,2476.0,2476.0,2469.0,2472.0
985,20000,6,2478.0,2478.0,2469.0,2473.0
986,20000,6,2478.0,2478.0,2470.0,2473.0
987,20000,6,2479.0,2479.0,2470.0,2474.0
988,20000,6,2479.0,2479.0,2471.0,2474.0
989,20000,6,2480.0,2480.0,2472.0,2475.0
990,20000,6,2480.0,2480.0,2473.0,2475.0
991,20000,6,2480.0,2480.0,2472.0,2476.0
992,20000,6,2480.0,2480.0,2473.0,2476.0
993,20000,6,2480.0,2480.0,2473.0,2477.0
994,20000,6,2480.0,2480.0,2473.0,2477.0
995,20000,6,2482.0,2482.0,2475.0,2477.0
996,20000,6,2483.0,2483.0,2475.0,2478.0
997,20000,6,2483.0,2483.0,2475.0,2478.0
998,20000,6,2483.0,2483.0,2475.0,2479.0
999,20000,6,2484.0,2484.0,2475.0,2479.0
1000,20000,6,2485.0,2485.0,2476.0,2480.0
1001,20000,6,2485.0,2485.0,2476.0,2480.0
1002,20000,6,2485.0,2485.0,2476.0,2480.0
1003,20000,6,2485.0,2485.0,2479.0,2481.0
1004,20000,6,2486.0,2486.0,2479.0,2481.0
1005,20000,6,2486.0,2486.0,2479.0,2482.0
1006,20000,6,2488.0,2488.0,2480.0,2482.0
1007,20000,6,2488.0,2488.0,2481.0,2483.0
1008,20000,6,2488.0,2488.0,2481.0,2483.0
1009,20000,6,2488.0,2488.0,2481.0,2483.0
1010,20000,6,2489.0,2489.0,2482.0,2484.0
1011,20000,6,2489.0,2489.0,2482.0,2484.0
1012,20000,6,2489.0,2489.0,2482.0,2485.0
1013,20000,6,2489.0,2489.0,2482.0,2485.0
1014,20000,6,2490.0,2490.0,2482.0,2486.0
1015,20000,6,2491.0,2491.0,2483.0,2486.0
1016,20000,6,2492.0,2492.0,2483.0,2487.0
1017,20000,6,2492.0,2492.0,2484.0,2487.0
1018,20000,6,2492.0,2492.0,2484.0,2488.0
1019,20000,6,2492.0,2492.0,2485.0,2488.0
1020,20000,6,2493.0,2493.0,2485.0,2489.0
1021,20000,6,2493.0,2493.0,2486.0,2489.0
1022,20000,6,2493.0,2493.0,2486.0,2490.0
1023,20000,6,2494.0,2494.0,2488.0,2490.0
1024,20000,6,2494.0,2494.0,2488.0,2491.0
1025,20000,6,2494.0,2494.0,2489.0,2491.0
1026,20000,6,2494.0,2494.0,2490.0,2492.0
1027,20000,6,2495.0,2495.0,2490.0,2492.0
1028,20000,6,2495.0,2495.0,2491.0,2492.0
1029,20000,6,2495.0,2495.0,2491.0,2493.0
1030,20000,6,2496.0,2496.0,2491.0,2493.0
1031,20000,6,2496.0,2496.0,2492.0,2493.0
1032,20000,6,2496.0,2496.0,2492.0,2494.0
1033,20000,6,2497.0,2497.0,2492.0,2494.0
1034,20000,6,2497.0,2497.0,2493.0,2495.0
1035,20000,6,2499.0,2499.0,2494.0,2495.0
1036,20000,6,2499.0,2499.0,2494.0,2496.0
1037,20000,6,2499.0,2499.0,2494.0,2496.0
1038,20000,6,2499.0,2499.0,2495.0,2496.0
1039,20000,6,2499.0,2499.0,2496.0,2497.0
1040,20000,6,2500.0,2500.0,2496.0,2497.0
1041,20000,6,2500.0,2500.0,2496.0,2498.0
1042,20000,6,2502.0,2502.0,2497.0,2498.0
1043,20000,6,2502.0,2502.0,2497.0,2499.0
1044,20000,6,2502.0,2502.0,2497.0,2499.0
1045,20000,6,2507.0,2507.0,2498.0,2500.0
1046,20000,6,2507.0,2507.0,2499.0,2501.0
1047,20000,6,2507.0,2507.0,2499.0,2501.0
1048,20000,6,2507.0,2507.0,2499.0,2502.0
1049,20000,6,2507.0,2507.0,2500.0,2502.0
1050,20000,6,2507.0,2507.0,2500.0,2503.0
1051,20000,6,2507.0,2507.0,2500.0,2503.0
1052,20000,6,2507.0,2507.0,2501.0,2504.0
1053,20000,6,2507.0,2507.0,2501.0,2504.0
1054,20000,6,2509.0,2509.0,2501.0,2505.0
1055,20000,6,2509.0,2509.0,2501.0,2505.0
1056,20000,6,2510.0,2510.0,2501.0,2506.0
1057,20000,6,2510.0,2510.0,2501.0,2506.0
1058,20000,6,2511.0,2511.0,2504.0,2507.0
1059,20000,6,2511.0,2511.0,2505.0,2507.0
1060,20000,6,2511.0,2511.0,2505.0,2508.0
1061,20000,6,2512.0,2512.0,2506.0,2508.0
1062,20000,6,2513.0,2513.0,2506.0,2509.0
1063,20000,6,2514.0,2514.0,2506.0,2509.0
1064,20000,6,2514.0,2514.0,2507.0,2510.0
1065,20000,6,2514.0,2514.0,2508.0,2510.0
1066,20000,6,2515.0,2515.0,2509.0,2511.0
1067,20000,6,2516.0,2516.0,2509.0,2511.0
1068,20000,6,2516.0,2516.0,2509.0,2512.0
1069,20000,6,2516.0,2516.0,2509.0,2512.0
1070,20000,6,2517.0,2517.0,2510.0,2512.0
1071,20000,6,2517.0,2517.0,2510.0,2513.0
1072,20000,6,2517.0,2517.0,2510.0,2513.0
1073,20000,6,2518.0,2518.0,2510.0,2514.0
1074,20000,6,2518.0,2518.0,2510.0,2514.0
1075,20000,6,2518.0,2518.0,2513.0,2515.0
1076,20000,6,2519.0,2519.0,2513.0,2515.0
1077,20000,6,2520.0,2520.0,2513.0,2515.0
1078,20000,6,2520.0,2520.0,2513.0,2516.0
1079,20000,6,2520.0,2520.0,2513.0,2516.0
1080,20000,6,2520.0,2520.0,2514.0,2517.0
1081,20000,6,2520.0,2520.0,2514.0,2517.0
1082,20000,6,2521.0,2521.0,2515.0,2518.0
1083,20000,6,2522.0,2522.0,2515.0,2518.0
1084,20000,6,2522.0,2522.0,2515.0,2519.0
1085,20000,6,2522.0,2522.0,2517.0,2519.0
1086,20000,6,2523.0,2523.0,2517.0,2520.0
1087,20000,6,2523.0,2523.0,2517.0,2520.0
1088,20000,6,2523.0,2523.0,2518.0,2520.0
1089,20000,6,2523.0,2523.0,2519.0,2521.0
1090,20000,6,2524.0,2524.0,2519.0,2521.0
1091,20000,6,2525.0,2525.0,2519.0,2521.0
1092,20000,6,2526.0,2526.0,2520.0,2522.0
1093,20000,6,2526.0,2526.0,2520.0,2522.0
1094,20000,6,2526.0,2526.0,2521.0,2522.0
1095,20000,6,2526.0,2526.0,2521.0,2523.0
1096,20000,6,2526.0,2526.0,2521.0,2523.0
1097,20000,6,2526.0,2526.0,2521.0,2524.0
1098,20000,6,2527.0,2527.0,2522.0,2524.0
1099,20000,6,2527.0,2527.0,2522.0,2525.0
1100,20000,6,2528.0,2528.0,2522.0,2525.0
1101,20000,6,2529.0,2529.0,2523.0,2525.0
1102,20000,6,2529.0,2529.0,2524.0,2526.0
1103,20000,6,2530.0,2530.0,2524.0,2526.0
1104,20000,6,2530.0,2530.0,2524.0,2527.0
1105,20000,6,2530.0,2530.0,2525.0,2527.0
1106,20000,6,2531.0,2531.0,2525.0,2527.0
1107,20000,6,2531.0,2531.0,2526.0,2528.0
1108,20000,6,2531.0,2531.0,2526.0,2528.0
1109,20000,6,2533.0,2533.0,2527.0,2529.0
1110,20000,6,2533.0,2533.0,2527.0,2529.0
1111,20000,6,2533.0,2533.0,2528.0,2530.0
1112,20000,6,2534.0,2534.0,2528.0,2530.0
1113,20000,6,2535.0,2535.0,2529.0,2531.0
1114,20000,6,2535.0,2535.0,2529.0,2531.0
1115,20000,6,2535.0,2535.0,2529.0,2531.0
1116,20000,6,2535.0,2535.0,2529.0,2532.0
1117,20000,6,2535.0,2535.0,2530.0,2532.0
1118,20000,6,2536.0,2536.0,2530.0,2533.0
1119,20000,6,2537.0,2537.0,2531.0,2533.0
1120,20000,6,2537.0,2537.0,2531.0,2533.0
1121,20000,6,2538.0,2538.0,2531.0,2534.0
1122,20000,6,2540.0,2540.0,2532.0,2535.0
1123,20000,6,2540.0,2540.0,2532.0,2535.0
1124,20000,6,2540.0,2540.0,2533.0,2536.0
1125,20000,6,2540.0,2540.0,2534.0,2536.0
1126,20000,6,2540.0,2540.0,2534.0,2536.0
1127,20000,6,2540.0,2540.0,2535.0,2537.0
1128,20000,6,2541.0,2541.0,2535.0,2537.0
1129,20000,6,2541.0,2541.0,2536.0,2538.0
1130,20000,6,2541.0,2541.0,2536.0,2538.0
1131,20000,6,2542.0,2542.0,2537.0,2539.0
1132,20000,6,2542.0,2542.0,2537.0,2539.0
1133,20000,6,2543.0,2543.0,2538.0,2540.0
1134,20000,6,2543.0,2543.0,2538.0,2540.0
1135,20000,6,2544.0,2544.0,2538.0,2541.0
1136,20000,6,2545.0,2545.0,2539.0,2541.0
1137,20000,6,2545.0,2545.0,2539.0,2542.0
1138,20000,6,2545.0,2545.0,2541.0,2542.0
1139,20000,6,2545.0,2545.0,2541.0,2542.0
1140,20000,6,2546.0,2546.0,2541.0,2543.0
1141,20000,6,2546.0,2546.0,2541.0,2543.0
1142,20000,6,2546.0,2546.0,2543.0,2544.0
1143,20000,6,2547.0,2547.0,2543.0,2544.0
1144,20000,6,2547.0,2547.0,2543.0,2544.0
1145,20000,6,2547.0,2547.0,2543.0,2545.0
1146,20000,6,2548.0,2548.0,2543.0,2545.0
1147,20000,6,2548.0,2548.0,2544.0,2545.0
1148,20000,6,2548.0,2548.0,2544.0,2546.0
1149,20000,6,2549.0,2549.0,2544.0,2546.0
1150,20000,6,2550.0,2550.0,2544.0,2546.0
1151,20000,6,2550.0,2550.0,2545.0,2547.0
1152,20000,6,2551.0,2551.0,2546.0,2547.0
1153,20000,6,2551.0,2551.0,2546.0,2548.0
1154,20000,6,2552.0,2552.0,2546.0,2548.0
1155,20000,6,2552.0,2552.0,2546.0,2548.0
1156,20000,6,2552.0,2552.0,2546.0,2549.0
1157,20000,6,2553.0,2553.0,2547.0,2549.0
1158,20000,6,2553.0,2553.0,2547.0,2550.0
1159,20000,6,2553.0,2553.0,2548.0,2550.0
1160,20000,6,2554.0,2554.0,2549.0,2551.0
1161,20000,6,2554.0,2554.0,2550.0,2551.0
1162,20000,6,2555.0,2555.0,2550.0,2552.0
1163,20000,6,2555.0,2555.0,2550.0,2552.0
1164,20000,6,2556.0,2556.0,2551.0,2553.0
1165,20000,6,2556.0,2556.0,2551.0,2553.0
1166,20000,6,2556.0,2556.0,2551.0,2554.0
1167,20000,6,2556.0,2556.0,2552.0,2554.0
1168,20000,6,2559.0,2559.0,2552.0,2554.0
1169,20000,6,2559.0,2559.0,2552.0,2555.0
1170,20000,6,2559.0,2559.0,2553.0,2555.0
1171,20000,6,2559.0,2559.0,2553.0,2556.0
1172,20000,6,2559.0,2559.0,2554.0,2556.0
1173,20000,6,2560.0,2560.0,2555.0,2556.0
1174,20000,6,2560.0,2560.0,2556.0,2557.0
1175,20000,6,2561.0,2561.0,2556.0,2557.0
1176,20000,6,2561.0,2561.0,2556.0,2558.0
1177,20000,6,2561.0,2561.0,2556.0,2558.0
1178,20000,6,2561.0,2561.0,2556.0,2558.0
1179,20000,6,2562.0,2562.0,2557.0,2559.0
1180,20000,6,2562.0,2562.0,2558.0,2559.0
1181,20000,6,2562.0,2562.0,2558.0,2560.0
1182,20000,6,2562.0,2562.0,2559.0,2560.0
1183,20000,6,2562.0,2562.0,2559.0,2560.0
1184,20000,6,2562.0,2562.0,2559.0,2560.0
1185,20000,6,2563.0,2563.0,2560.0,2561.0
1186,20000,6,2563.0,2563.0,2560.0,2561.0
1187,20000,6,2563.0,2563.0,2560.0,2561.0
1188,20000,6,2564.0,2564.0,2560.0,2562.0
1189,20000,6,2566.0,2566.0,2561.0,2562.0
1190,20000,6,2567.0,2567.0,2561.0,2562.0
1191,20000,6,2567.0,2567.0,2561.0,2563.0
1192,20000,6,2568.0,2568.0,2561.0,2563.0
1193,20000,6,2568.0,2568.0,2562.0,2564.0
1194,20000,6,2568.0,2568.0,2562.0,2564.0
1195,20000,6,2568.0,2568.0,2563.0,2565.0
1196,20000,6,2569.0,2569.0,2563.0,2565.0
1197,20000,6,2569.0,2569.0,2564.0,2565.0
1198,20000,6,2571.0,2571.0,2564.0,2566.0
1199,20000,6,2571.0,2571.0,2565.0,2566.0
1200,20000,6,2571.0,2571.0,2565.0,2567.0
1201,20000,6,2572.0,2572.0,2565.0,2567.0
1202,20000,6,2572.0,2572.0,2565.0,2568.0
1203,20000,6,2572.0,2572.0,2565.0,2568.0
1204,20000,6,2573.0,2573.0,2566.0,2569.0
1205,20000,6,2574.0,2574.0,2566.0,2569.0
1206,20000,6,2574.0,2574.0,2568.0,2569.0
1207,20000,6,2574.0,2574.0,2568.0,2570.0
1208,20000,6,2574.0,2574.0,2568.0,2570.0
1209,20000,6,2574.0,2574.0,2569.0,2571.0
1210,20000,6,2574.0,2574.0,2569.0,2571.0
1211,20000,6,2576.0,2576.0,2569.0,2571.0
1212,20000,6,2576.0,2576.0,2570.0,2572.0
1213,20000,6,2576.0,2576.0,2570.0,2572.0
1214,20000,6,2577.0,2577.0,2570.0,2573.0
1215,20000,6,2577.0,2577.0,2571.0,2573.0
1216,20000,6,2577.0,2577.0,2571.0,2574.0
1217,20000,6,2578.0,2578.0,2571.0,2574.0
1218,20000,6,2578.0,2578.0,2572.0,2575.0
1219,20000,6,2579.0,2579.0,2572.0,2575.0
1220,20000,6,2579.0,2579.0,2572.0,2576.0
1221,20000,6,2579.0,2579.0,2573.0,2576.0
1222,20000,6,2580.0,2580.0,2574.0,2577.0
1223,20000,6,2580.0,2580.0,2576.0,2577.0
1224,20000,6,2582.0,2582.0,2576.0,2578.0
1225,20000,6,2582.0,2582.0,2577.0,2578.0
1226,20000,6,2583.0,2583.0,2577.0,2578.0
1227,20000,6,2583.0,2583.0,2577.0,2579.0
1228,20000,6,2583.0,2583.0,2577.0,2579.0
1229,20000,6,2583.0,2583.0,2578.0,2580.0
1230,20000,6,2585.0,2585.0,2579.0,2580.0
1231,20000,6,2585.0,2585.0,2579.0,2581.0
1232,20000,6,2585.0,2585.0,2579.0,2581.0
1233,20000,6,2587.0,2587.0,2579.0,2582.0
1234,20000,6,2587.0,2587.0,2580.0,2582.0
1235,20000,6,2587.0,2587.0,2581.0,2583.0
1236,20000,6,2588.0,2588.0,2581.0,2583.0
1237,20000,6,2588.0,2588.0,2581.0,2584.0
1238,20000,6,2588.0,2588.0,2582.0,2584.0
1239,20000,6,2588.0,2588.0,2582.0,2585.0
1240,20000,6,2589.0,2589.0,2582.0,2586.0
1241,20000,6,2589.0,2589.0,2584.0,2586.0
1242,20000,6,2589.0,2589.0,2584.0,2586.0
1243,20000,6,2589.0,2589.0,2585.0,2587.0
1244,20000,6,2589.0,2589.0,2586.0,2587.0
1245,20000,6,2590.0,2590.0,2586.0,2587.0
1246,20000,6,2590.0,2590.0,2586.0,2588.0
1247,20000,6,2591.0,2591.0,2587.0,2588.0
1248,20000,6,2591.0,2591.0,2587.0,2588.0
1249,20000,6,2591.0,2591.0,2587.0,2589.0
1250,20000,6,2592.0,2592.0,2587.0,2589.0
1251,20000,6,2592.0,2592.0,2588.0,2589.0
1252,20000,6,2592.0,2592.0,2588.0,2590.0
1253,20000,6,2594.0,2594.0,2588.0,2590.0
1254,20000,6,2594.0,2594.0,2589.0,2590.0
1255,20000,6,2594.0,2594.0,2589.0,2591.0
1256,20000,6,2595.0,2595.0,2590.0,2591.0
1257,20000,6,2595.0,2595.0,2590.0,2591.0
1258,20000,6,2596.0,2596.0,2590.0,2592.0
1259,20000,6,2597.0,2597.0,2590.0,2592.0
1260,20000,6,2598.0,2598.0,2590.0,2592.0
1261,20000,6,2598.0,2598.0,2590.0,2593.0
1262,20000,6,2598.0,2598.0,2591.0,2593.0
1263,20000,6,2598.0,2598.0,2592.0,2594.0
1264,20000,6,2598.0,2598.0,2592.0,2594.0
1265,20000,6,2598.0,2598.0,2593.0,2595.0
1266,20000,6,2598.0,2598.0,2593.0,2595.0
1267,20000,6,2599.0,2599.0,2594.0,2596.0
1268,20000,6,2599.0,2599.0,2594.0,2596.0
1269,20000,6,2599.0,2599.0,2595.0,2596.0
1270,20000,6,2600.0,2600.0,2595.0,2597.0
1271,20000,6,2600.0,2600.0,2596.0,2597.0
1272,20000,6,2600.0,2600.0,2596.0,2598.0
1273,20000,6,2601.0,2601.0,2596.0,2598.0
1274,20000,6,2601.0,2601.0,2596.0,2598.0
1275,20000,6,2601.0,2601.0,2598.0,2599.0
1276,20000,6,2602.0,2602.0,2598.0,2599.0
1277,20000,6,2603.0,2603.0,2598.0,2599.0
1278,20000,6,2603.0,2603.0,2598.0,2600.0
1279,20000,6,2603.0,2603.0,2599.0,2600.0
1280,20000,6,2604.0,2604.0,2599.0,2601.0
1281,20000,6,2604.0,2604.0,2600.0,2601.0
1282,20000,6,2605.0,2605.0,2600.0,2602.0
1283,20000,6,2605.0,2605.0,2600.0,2602.0
1284,20000,6,2607.0,2607.0,2600.0,2602.0
1285,20000,6,2607.0,2607.0,2601.0,2603.0
1286,20000,6,2607.0,2607.0,2601.0,2603.0
1287,20000,6,2607.0,2607.0,2601.0,2604.0
1288,20000,6,2608.0,2608.0,2602.0,2605.0
1289,20000,6,2608.0,2608.0,2603.0,2605.0
1290,20000,6,2608.0,2608.0,2603.0,2605.0
1291,20000,6,2608.0,2608.0,2604.0,2606.0
1292,20000,6,2610.0,2610.0,2604.0,2606.0
1293,20000,6,2610.0,2610.0,2604.0,2607.0
1294,20000,6,2610.0,2610.0,2604.0,2607.0
1295,20000,6,2610.0,2610.0,2605.0,2607.0
1296,20000,6,2610.0,2610.0,2605.0,2608.0
1297,20000,6,2611.0,2611.0,2605.0,2608.0
1298,20000,6,2611.0,2611.0,2607.0,2608.0
1299,20000,6,2611.0,2611.0,2607.0,2609.0
1300,20000,6,2612.0,2612.0,2607.0,2609.0
1301,20000,6,2613.0,2613.0,2607.0,2610.0
1302,20000,6,2614.0,2614.0,2608.0,2610.0
1303,20000,6,2614.0,2614.0,2609.0,2611.0
1304,20000,6,2614.0,2614.0,2609.0,2611.0
1305,20000,6,2615.0,2615.0,2609.0,2612.0
1306,20000,6,2615.0,2615.0,2609.0,2612.0
1307,20000,6,2615.0,2615.0,2609.0,2612.0
1308,20000,6,2616.0,2616.0,2610.0,2613.0
1309,20000,6,2616.0,2616.0,2611.0,2613.0
1310,20000,6,2616.0,2616.0,2612.0,2613.0
1311,20000,6,2616.0,2616.0,2612.0,2614.0
1312,20000,6,2617.0,2617.0,2612.0,2614.0
1313,20000,6,2619.0,2619.0,2613.0,2614.0
1314,20000,6,2619.0,2619.0,2613.0,2615.0
1315,20000,6,2619.0,2619.0,2613.0,2615.0
1316,20000,6,2619.0,2619.0,2614.0,2616.0
1317,20000,6,2619.0,2619.0,2614.0,2616.0
1318,20000,6,2620.0,2620.0,2615.0,2617.0
1319,20000,6,2620.0,2620.0,2615.0,2617.0
1320,20000,6,2621.0,2621.0,2616.0,2618.0
1321,20000,6,2621.0,2621.0,2617.0,2618.0
1322,20000,6,2622.0,2622.0,2617.0,2619.0
1323,20000,6,2622.0,2622.0,2618.0,2619.0
1324,20000,6,2623.0,2623.0,2618.0,2620.0
1325,20000,6,2623.0,2623.0,2618.0,2620.0
1326,20000,6,2623.0,2623.0,2618.0,2620.0
1327,20000,6,2623.0,2623.0,2619.0,2621.0
1328,20000,6,2624.0,2624.0,2620.0,2621.0
1329,20000,6,2626.0,2626.0,2620.0,2622.0
1330,20000,6,2626.0,2626.0,2620.0,2622.0
1331,20000,6,2626.0,2626.0,2621.0,2622.0
1332,20000,6,2626.0,2626.0,2621.0,2623.0
1333,20000,6,2627.0,2627.0,2621.0,2623.0
1334,20000,6,2628.0,2628.0,2622.0,2623.0
1335,20000,6,2628.0,2628.0,2622.0,2624.0
1336,20000,6,2628.0,2628.0,2623.0,2624.0
1337,20000,6,2628.0,2628.0,2623.0,2625.0
1338,20000,6,2628.0,2628.0,2623.0,2625.0
1339,20000,6,2629.0,2629.0,2623.0,2626.0
1340,20000,6,2630.0,2630.0,2625.0,2626.0
1341,20000,6,2630.0,2630.0,2625.0,2627.0
1342,20000,6,2630.0,2630.0,2626.0,2627.0
1343,20000,6,2631.0,2631.0,2626.0,2627.0
1344,20000,6,2632.0,2632.0,2626.0,2628.0
1345,20000,6,2632.0,2632.0,2626.0,2628.0
1346,20000,6,2632.0,2632.0,2626.0,2629.0
1347,20000,6,2633.0,2633.0,2627.0,2629.0
1348,20000,6,2633.0,2633.0,2627.0,2630.0
1349,20000,6,2633.0,2633.0,2628.0,2630.0
1350,20000,6,2634.0,2634.0,2628.0,2630.0
1351,20000,6,2634.0,2634.0,2628.0,2631.0
1352,20000,6,2634.0,2634.0,2630.0,2631.0
1353,20000,6,2634.0,2634.0,2630.0,2632.0
1354,20000,6,2635.0,2635.0,2630.0,2632.0
1355,20000,6,2636.0,2636.0,2631.0,2633.0
1356,20000,6,2637.0,2637.0,2632.0,2633.0
1357,20000,6,2637.0,2637.0,2632.0,2633.0
1358,20000,6,2638.0,2638.0,2632.0,2634.0
1359,20000,6,2638.0,2638.0,2632.0,2634.0
1360,20000,6,2638.0,2638.0,2633.0,2635.0
1361,20000,6,2638.0,2638.0,2634.0,2635.0
1362,20000,6,2639.0,2639.0,2634.0,2635.0
1363,20000,6,2639.0,2639.0,2634.0,2636.0
1364,20000,6,2639.0,2639.0,2634.0,2636.0
1365,20000,6,2639.0,2639.0,2634.0,2637.0
1366,20000,6,2640.0,2640.0,2634.0,2637.0
1367,20000,6,2640.0,2640.0,2634.0,2638.0
1368,20000,6,2641.0,2641.0,2635.0,2638.0
1369,20000,6,2641.0,2641.0,2636.0,2638.0
1370,20000,6,2643.0,2643.0,2637.0,2639.0
1371,20000,6,2643.0,2643.0,2637.0,2639.0
1372,20000,6,2643.0,2643.0,2637.0,2639.0
1373,20000,6,2645.0,2645.0,2638.0,2640.0
1374,20000,6,2645.0,2645.0,2638.0,2640.0
1375,20000,6,2645.0,2645.0,2638.0,2641.0
1376,20000,6,2646.0,2646.0,2639.0,2641.0
1377,20000,6,2646.0,2646.0,2640.0,2642.0
1378,20000,6,2647.0,2647.0,2640.0,2643.0
1379,20000,6,2647.0,2647.0,2640.0,2643.0
1380,20000,6,2648.0,2648.0,2640.0,2644.0
1381,20000,6,2648.0,2648.0,2640.0,2644.0
1382,20000,6,2648.0,2648.0,2640.0,2645.0
1383,20000,6,2648.0,2648.0,2642.0,2645.0
1384,20000,6,2649.0,2649.0,2642.0,2645.0
1385,20000,6,2649.0,2649.0,2642.0,2646.0
1386,20000,6,2650.0,2650.0,2643.0,2647.0
1387,20000,6,2651.0,2651.0,2645.0,2647.0
1388,20000,6,2651.0,2651.0,2646.0,2648.0
1389,20000,6,2651.0,2651.0,2646.0,2648.0
1390,20000,6,2652.0,2652.0,2646.0,2649.0
1391,20000,6,2653.0,2653.0,2647.0,2649.0
1392,20000,6,2653.0,2653.0,2647.0,2649.0
1393,20000,6,2654.0,2654.0,2647.0,2650.0
1394,20000,6,2654.0,2654.0,2648.0,2650.0
1395,20000,6,2655.0,2655.0,2649.0,2651.0
1396,20000,6,2655.0,2655.0,2649.0,2651.0
1397,20000,6,2655.0,2655.0,2649.0,2652.0
1398,20000,6,2656.0,2656.0,2649.0,2652.0
1399,20000,6,2656.0,2656.0,2649.0,2652.0
1400,20000,6,2656.0,2656.0,2650.0,2653.0
1401,20000,6,2656.0,2656.0,2650.0,2653.0
1402,20000,6,2656.0,2656.0,2651.0,2653.0
1403,20000,6,2656.0,2656.0,2651.0,2654.0
1404,20000,6,2658.0,2658.0,2651.0,2654.0
1405,20000,6,2658.0,2658.0,2652.0,2655.0
1406,20000,6,2658.0,2658.0,2652.0,2655.0
1407,20000,6,2659.0,2659.0,2652.0,2655.0
1408,20000,6,2659.0,2659.0,2653.0,2656.0
1409,20000,6,2660.0,2660.0,2653.0,2656.0
1410,20000,6,2660.0,2660.0,2654.0,2657.0
1411,20000,6,2661.0,2661.0,2656.0,2657.0
1412,20000,6,2661.0,2661.0,2656.0,2658.0
1413,20000,6,2662.0,2662.0,2656.0,2658.0
1414,20000,6,2662.0,2662.0,2657.0,2658.0
1415,20000,6,2662.0,2662.0,2657.0,2659.0
1416,20000,6,2663.0,2663.0,2657.0,2659.0
1417,20000,6,2663.0,2663.0,2657.0,2659.0
1418,20000,6,2664.0,2664.0,2657.0,2660.0
1419,20000,6,2664.0,2664.0,2658.0,2660.0
1420,20000,6,2664.0,2664.0,2658.0,2661.0
1421,20000,6,2664.0,2664.0,2658.0,2661.0
1422,20000,6,2666.0,2666.0,2659.0,2661.0
1423,20000,6,2667.0,2667.0,2659.0,2662.0
1424,20000,6,2667.0,2667.0,2660.0,2662.0
1425,20000,6,2667.0,2667.0,2660.0,2663.0
1426,20000,6,2667.0,2667.0,2660.0,2663.0
1427,20000,6,2667.0,2667.0,2660.0,2664.0
1428,20000,6,2668.0,2668.0,2660.0,2664.0
1429,20000,6,2668.0,2668.0,2662.0,2665.0
1430,20000,6,2668.0,2668.0,2662.0,2665.0
1431,20000,6,2669.0,2669.0,2663.0,2665.0
1432,20000,6,2670.0,2670.0,2664.0,2666.0
1433,20000,6,2670.0,2670.0,2664.0,2666.0
1434,20000,6,2670.0,2670.0,2665.0,2667.0
1435,20000,6,2670.0,2670.0,2665.0,2667.0
1436,20000,6,2670.0,2670.0,2666.0,2667.0
1437,20000,6,2671.0,2671.0,2666.0,2668.0
1438,20000,6,2672.0,2672.0,2666.0,2668.0
1439,20000,6,2672.0,2672.0,2667.0,2668.0
1440,20000,6,2672.0,2672.0,2667.0,2669.0
1441,20000,6,2673.0,2673.0,2668.0,2669.0
1442,20000,6,2674.0,2674.0,2668.0,2670.0
1443,20000,6,2674.0,2674.0,2668.0,2670.0
1444,20000,6,2674.0,2674.0,2668.0,2671.0
1445,20000,6,2676.0,2676.0,2669.0,2671.0
1446,20000,6,2676.0,2676.0,2669.0,2672.0
1447,20000,6,2679.0,2679.0,2670.0,2672.0
1448,20000,6,2679.0,2679.0,2670.0,2673.0
1449,20000,6,2679.0,2679.0,2670.0,2674.0
1450,20000,6,2680.0,2680.0,2670.0,2674.0
1451,20000,6,2680.0,2680.0,2671.0,2675.0
1452,20000,6,2681.0,2681.0,2671.0,2675.0
1453,20000,6,2682.0,2682.0,2671.0,2676.0
1454,20000,6,2684.0,2684.0,2671.0,2677.0
1455,20000,6,2684.0,2684.0,2674.0,2677.0
1456,20000,6,2684.0,2684.0,2675.0,2678.0
1457,20000,6,2685.0,2685.0,2675.0,2679.0
1458,20000,6,2685.0,2685.0,2675.0,2680.0
1459,20000,6,2685.0,2685.0,2676.0,2680.0
1460,20000,6,2685.0,2685.0,2677.0,2681.0
1461,20000,6,2685.0,2685.0,2678.0,2681.0
1462,20000,6,2685.0,2685.0,2678.0,2682.0
1463,20000,6,2685.0,2685.0,2679.0,2682.0
1464,20000,6,2686.0,2686.0,2681.0,2683.0
1465,20000,6,2686.0,2686.0,2681.0,2683.0
1466,20000,6,2686.0,2686.0,2681.0,2683.0
1467,20000,6,2686.0,2686.0,2682.0,2684.0
1468,20000,6,2687.0,2687.0,2683.0,2684.0
1469,20000,6,2687.0,2687.0,2683.0,2684.0
1470,20000,6,2687.0,2687.0,2683.0,2685.0
1471,20000,6,2689.0,2689.0,2683.0,2685.0
1472,20000,6,2689.0,2689.0,2683.0,2685.0
1473,20000,6,2690.0,2690.0,2683.0,2686.0
1474,20000,6,2690.0,2690.0,2684.0,2686.0
1475,20000,6,2690.0,2690.0,2684.0,2687.0
1476,20000,6,2690.0,2690.0,2686.0,2687.0
1477,20000,6,2691.0,2691.0,2686.0,2688.0
1478,20000,6,2691.0,2691.0,2686.0,2688.0
1479,20000,6,2691.0,2691.0,2686.0,2688.0
1480,20000,6,2691.0,2691.0,2687.0,2689.0
1481,20000,6,2692.0,2692.0,2687.0,2689.0
1482,20000,6,2693.0,2693.0,2687.0,2689.0
1483,20000,6,2694.0,2694.0,2688.0,2690.0
1484,20000,6,2696.0,2696.0,2688.0,2690.0
1485,20000,6,2696.0,2696.0,2688.0,2691.0
1486,20000,6,2696.0,2696.0,2688.0,2691.0
1487,20000,6,2696.0,2696.0,2690.0,2692.0
1488,20000,6,2697.0,2697.0,2690.0,2692.0
1489,20000,6,2698.0,2698.0,2690.0,2693.0
1490,20000,6,2698.0,2698.0,2691.0,2693.0
1491,20000,6,2698.0,2698.0,2691.0,2694.0
1492,20000,6,2698.0,2698.0,2692.0,2694.0
1493,20000,6,2699.0,2699.0,2692.0,2695.0
1494,20000,6,2699.0,2699.0,2693.0,2695.0
1495,20000,6,2700.0,2700.0,2693.0,2696.0
1496,20000,6,2700.0,2700.0,2693.0,2696.0
1497,20000,6,2700.0,2700.0,2694.0,2696.0
1498,20000,6,2701.0,2701.0,2694.0,2697.0
1499,20000,6,2701.0,2701.0,2694.0,2697.0
1500,20000,6,2701.0,2701.0,2694.0,2697.0
1501,20000,6,2702.0,2702.0,2694.0,2698.0
1502,20000,6,2702.0,2702.0,2694.0,2698.0
1503,20000,6,2702.0,2702.0,2694.0,2699.0
1504,20000,6,2702.0,2702.0,2696.0,2699.0
1505,20000,6,2703.0,2703.0,2696.0,2700.0
1506,20000,6,2703.0,2703.0,2697.0,2700.0
1507,20000,6,2703.0,2703.0,2698.0,2701.0
1508,20000,6,2703.0,2703.0,2698.0,2701.0
1509,20000,6,2704.0,2704.0,2698.0,2701.0
1510,20000,6,2704.0,2704.0,2699.0,2702.0
1511,20000,6,2705.0,2705.0,2701.0,2702.0
1512,20000,6,2705.0,2705.0,2701.0,2702.0
1513,20000,6,2705.0,2705.0,2701.0,2703.0
1514,20000,6,2706.0,2706.0,2702.0,2703.0
1515,20000,6,2707.0,2707.0,2702.0,2703.0
1516,20000,6,2707.0,2707.0,2702.0,2704.0
1517,20000,6,2707.0,2707.0,2703.0,2704.0
1518,20000,6,2707.0,2707.0,2703.0,2704.0
1519,20000,6,2708.0,2708.0,2703.0,2705.0
1520,20000,6,2708.0,2708.0,2704.0,2705.0
1521,20000,6,2708.0,2708.0,2704.0,2706.0
1522,20000,6,2709.0,2709.0,2704.0,2706.0
1523,20000,6,2709.0,2709.0,2704.0,2706.0
1524,20000,6,2709.0,2709.0,2705.0,2707.0
1525,20000,6,2710.0,2710.0,2706.0,2707.0
1526,20000,6,2711.0,2711.0,2706.0,2708.0
1527,20000,6,2712.0,2712.0,2706.0,2708.0
1528,20000,6,2712.0,2712.0,2707.0,2709.0
1529,20000,6,2712.0,2712.0,2707.0,2709.0
1530,20000,6,2712.0,2712.0,2708.0,2709.0
1531,20000,6,2713.0,2713.0,2708.0,2710.0
1532,20000,6,2713.0,2713.0,2708.0,2710.0
1533,20000,6,2713.0,2713.0,2708.0,2710.0
1534,20000,6,2715.0,2715.0,2708.0,2711.0
1535,20000,6,2715.0,2715.0,2709.0,2711.0
1536,20000,6,2717.0,2717.0,2709.0,2712.0
1537,20000,6,2717.0,2717.0,2709.0,2712.0
1538,20000,6,2717.0,2717.0,2710.0,2712.0
1539,20000,6,2717.0,2717.0,2710.0,2713.0
1540,20000,6,2718.0,2718.0,2711.0,2713.0
1541,20000,6,2718.0,2718.0,2711.0,2714.0
1542,20000,6,2719.0,2719.0,2711.0,2714.0
1543,20000,6,2719.0,2719.0,2712.0,2715.0
1544,20000,6,2720.0,2720.0,2712.0,2715.0
1545,20000,6,2720.0,2720.0,2713.0,2716.0
1546,20000,6,2722.0,2722.0,2714.0,2716.0
1547,20000,6,2722.0,2722.0,2714.0,2717.0
1548,20000,6,2722.0,2722.0,2714.0,2717.0
1549,20000,6,2723.0,2723.0,2714.0,2718.0
1550,20000,6,2723.0,2723.0,2714.0,2718.0
1551,20000,6,2723.0,2723.0,2715.0,2719.0
1552,20000,6,2724.0,2724.0,2716.0,2719.0
1553,20000,6,2724.0,2724.0,2716.0,2719.0
1554,20000,6,2725.0,2725.0,2716.0,2720.0
1555,20000,6,2725.0,2725.0,2716.0,2720.0
1556,20000,6,2725.0,2725.0,2717.0,2721.0
1557,20000,6,2725.0,2725.0,2717.0,2721.0
1558,20000,6,2725.0,2725.0,2719.0,2722.0
1559,20000,6,2725.0,2725.0,2719.0,2722.0
1560,20000,6,2726.0,2726.0,2719.0,2723.0
1561,20000,6,2726.0,2726.0,2720.0,2723.0
1562,20000,6,2726.0,2726.0,2721.0,2723.0
1563,20000,6,2726.0,2726.0,2721.0,2724.0
1564,20000,6,2727.0,2727.0,2721.0,2724.0
1565,20000,6,2727.0,2727.0,2721.0,2724.0
1566,20000,6,2727.0,2727.0,2721.0,2725.0
1567,20000,6,2727.0,2727.0,2722.0,2725.0
1568,20000,6,2727.0,2727.0,2723.0,2725.0
1569,20000,6,2727.0,2727.0,2724.0,2725.0
1570,20000,6,2728.0,2728.0,2725.0,2726.0
1571,20000,6,2728.0,2728.0,2725.0,2726.0
1572,20000,6,2729.0,2729.0,2725.0,2726.0
1573,20000,6,2730.0,2730.0,2725.0,2727.0
1574,20000,6,2730.0,2730.0,2726.0,2727.0
1575,20000,6,2730.0,2730.0,2726.0,2727.0
1576,20000,6,2731.0,2731.0,2726.0,2728.0
1577,20000,6,2731.0,2731.0,2727.0,2728.0
1578,20000,6,2732.0,2732.0,2727.0,2729.0
1579,20000,6,2732.0,2732.0,2728.0,2729.0
1580,20000,6,2732.0,2732.0,2728.0,2729.0
1581,20000,6,2732.0,2732.0,2728.0,2729.0
1582,20000,6,2732.0,2732.0,2728.0,2730.0
1583,20000,6,2734.0,2734.0,2729.0,2730.0
1584,20000,6,2734.0,2734.0,2729.0,2731.0
1585,20000,6,2736.0,2736.0,2730.0,2731.0
1586,20000,6,2736.0,2736.0,2730.0,2731.0
1587,20000,6,2736.0,2736.0,2730.0,2732.0
1588,20000,6,2736.0,2736.0,2730.0,2732.0
1589,20000,6,2736.0,2736.0,2730.0,2733.0
1590,20000,6,2736.0,2736.0,2731.0,2733.0
1591,20000,6,2737.0,2737.0,2731.0,2733.0
1592,20000,6,2737.0,2737.0,2731.0,2734.0
1593,20000,6,2737.0,2737.0,2732.0,2734.0
1594,20000,6,2738.0,2738.0,2732.0,2735.0
1595,20000,6,2739.0,2739.0,2733.0,2735.0
1596,20000,6,2739.0,2739.0,2733.0,2736.0
1597,20000,6,2739.0,2739.0,2734.0,2736.0
1598,20000,6,2740.0,2740.0,2734.0,2736.0
1599,20000,6,2740.0,2740.0,2735.0,2737.0
1600,20000,6,2740.0,2740.0,2735.0,2737.0
1601,20000,6,2741.0,2741.0,2735.0,2738.0
1602,20000,6,2741.0,2741.0,2736.0,2738.0
1603,20000,6,2742.0,2742.0,2736.0,2738.0
1604,20000,6,2742.0,2742.0,2737.0,2739.0
1605,20000,6,2743.0,2743.0,2737.0,2739.0
1606,20000,6,2743.0,2743.0,2737.0,2739.0
1607,20000,6,2743.0,2743.0,2738.0,2740.0
1608,20000,6,2743.0,2743.0,2738.0,2740.0
1609,20000,6,2744.0,2744.0,2738.0,2741.0
1610,20000,6,2744.0,2744.0,2739.0,2741.0
1611,20000,6,2745.0,2745.0,2739.0,2742.0
1612,20000,6,2745.0,2745.0,2739.0,2742.0
1613,20000,6,2745.0,2745.0,2740.0,2742.0
1614,20000,6,2745.0,2745.0,2740.0,2743.0
1615,20000,6,2746.0,2746.0,2741.0,2743.0
1616,20000,6,2748.0,2748.0,2741.0,2744.0
1617,20000,6,2748.0,2748.0,2741.0,2744.0
1618,20000,6,2748.0,2748.0,2742.0,2744.0
1619,20000,6,2748.0,2748.0,2742.0,2745.0
1620,20000,6,2748.0,2748.0,2742.0,2745.0
1621,20000,6,2748.0,2748.0,2743.0,2746.0
1622,20000,6,2748.0,2748.0,2743.0,2746.0
1623,20000,6,2748.0,2748.0,2745.0,2746.0
1624,20000,6,2749.0,2749.0,2745.0,2747.0
1625,20000,6,2749.0,2749.0,2745.0,2747.0
1626,20000,6,2750.0,2750.0,2745.0,2747.0
1627,20000,6,2750.0,2750.0,2745.0,2747.0
1628,20000,6,2751.0,2751.0,2746.0,2748.0
1629,20000,6,2751.0,2751.0,2746.0,2748.0
1630,20000,6,2752.0,2752.0,2746.0,2748.0
1631,20000,6,2753.0,2753.0,2746.0,2749.0
1632,20000,6,2753.0,2753.0,2746.0,2749.0
1633,20000,6,2753.0,2753.0,2748.0,2749.0
1634,20000,6,2753.0,2753.0,2749.0,2750.0
1635,20000,6,2753.0,2753.0,2749.0,2750.0
1636,20000,6,2754.0,2754.0,2749.0,2750.0
1637,20000,6,2754.0,2754.0,2749.0,2751.0
1638,20000,6,2756.0,2756.0,2750.0,2751.0
1639,20000,6,2756.0,2756.0,2750.0,2752.0
1640,20000,6,2756.0,2756.0,2750.0,2752.0
1641,20000,6,2756.0,2756.0,2750.0,2753.0
1642,20000,6,2757.0,2757.0,2751.0,2753.0
1643,20000,6,2757.0,2757.0,2751.0,2753.0
1644,20000,6,2758.0,2758.0,2752.0,2754.0
1645,20000,6,2758.0,2758.0,2752.0,2754.0
1646,20000,6,2758.0,2758.0,2752.0,2755.0
1647,20000,6,2759.0,2759.0,2753.0,2755.0
1648,20000,6,2759.0,2759.0,2753.0,2755.0
1649,20000,6,2760.0,2760.0,2753.0,2756.0
1650,20000,6,2760.0,2760.0,2754.0,2756.0
1651,20000,6,2760.0,2760.0,2754.0,2757.0
1652,20000,6,2760.0,2760.0,2755.0,2757.0
1653,20000,6,2760.0,2760.0,2755.0,2758.0
1654,20000,6,2762.0,2762.0,2756.0,2758.0
1655,20000,6,2762.0,2762.0,2757.0,2759.0
1656,20000,6,2762.0,2762.0,2757.0,2759.0
1657,20000,6,2763.0,2763.0,2757.0,2759.0
1658,20000,6,2763.0,2763.0,2757.0,2760.0
1659,20000,6,2763.0,2763.0,2758.0,2760.0
1660,20000,6,2763.0,2763.0,2758.0,2760.0
1661,20000,6,2763.0,2763.0,2760.0,2761.0
1662,20000,6,2764.0,2764.0,2760.0,2761.0
1663,20000,6,2764.0,2764.0,2760.0,2762.0
1664,20000,6,2765.0,2765.0,2760.0,2762.0
1665,20000,6,2765.0,2765.0,2761.0,2762.0
1666,20000,6,2765.0,2765.0,2761.0,2763.0
1667,20000,6,2765.0,2765.0,2761.0,2763.0
1668,20000,6,2766.0,2766.0,2761.0,2763.0
1669,20000,6,2766.0,2766.0,2761.0,2764.0
1670,20000,6,2767.0,2767.0,2761.0,2764.0
1671,20000,6,2767.0,2767.0,2762.0,2764.0
1672,20000,6,2767.0,2767.0,2763.0,2765.0
1673,20000,6,2770.0,2770.0,2763.0,2765.0
1674,20000,6,2770.0,2770.0,2764.0,2765.0
1675,20000,6,2770.0,2770.0,2764.0,2766.0
1676,20000,6,2770.0,2770.0,2765.0,2766.0
1677,20000,6,2770.0,2770.0,2765.0,2767.0
1678,20000,6,2770.0,2770.0,2766.0,2767.0
1679,20000,6,2771.0,2771.0,2766.0,2768.0
1680,20000,6,2771.0,2771.0,2766.0,2768.0
1681,20000,6,2771.0,2771.0,2766.0,2768.0
1682,20000,6,2772.0,2772.0,2767.0,2769.0
1683,20000,6,2772.0,2772.0,2767.0,2769.0
1684,20000,6,2772.0,2772.0,2768.0,2770.0
1685,20000,6,2774.0,2774.0,2768.0,2770.0
1686,20000,6,2774.0,2774.0,2768.0,2771.0
1687,20000,6,2774.0,2774.0,2770.0,2771.0
1688,20000,6,2775.0,2775.0,2770.0,2772.0
1689,20000,6,2775.0,2775.0,2770.0,2772.0
1690,20000,6,2775.0,2775.0,2770.0,2772.0
1691,20000,6,2778.0,2778.0,2772.0,2773.0
1692,20000,6,2778.0,2778.0,2772.0,2773.0
1693,20000,6,2778.0,2778.0,2772.0,2774.0
1694,20000,6,2779.0,2779.0,2773.0,2774.0
1695,20000,6,2779.0,2779.0,2773.0,2775.0
1696,20000,6,2779.0,2779.0,2773.0,2775.0
1697,20000,6,2779.0,2779.0,2773.0,2775.0
1698,20000,6,2779.0,2779.0,2774.0,2776.0
1699,20000,6,2780.0,2780.0,2774.0,2776.0
